title,price,currency,total sold,link
SMAEL Men's Military Sport Wrist Watch Quartz Dual Movement with Analog Digital,$13.17/ea,US,"8,515",https://www.ebay.com/itm/SMAEL-Mens-Military-Sport-Wrist-Watch-Quartz-Dual-Movement-with-Analog-Digital/232468369244?_trkparms=ispr%3D1&hash=item362031cf5c:g:NZgAAOSwzXxZ6AGM&amdata=enc%3AAQAFAAACcBaobrjLl8XobRIiIML1V4Imu%252Fn%252BzU5L90Z278x5ickkai8xCwosGKpC0NWj85e%252FB2uSPEYY5vR4OTzzA%252BrSfKCS5v7Zwerx%252FjFnZbltVWuXMlt6ZSYRCCzkDXuxVSiMTrvYOPWP49SWchgL%252FSB1DHaJLk7%252F6Uc3h0HN3k9jlAOrabdur0I3yxPz1%252FO8jLovp69oIorM7HgK2Igc4jPSh8gpfTwGYcFMQN3oJ64VxKEv1YOyCVjkeeqdN3uolTtqmeCDdIKHnlewFp4MjXJh%252FOaT4W2beaoym6C0rbasbvYjrSG4PobAATiqTGPWIEonYBxQxaeRy4SNECaHoSA%252FkkWqF6Vy3x0o7NDeR9SyXQZL6KdQhIZ73761ZGwV6%252BcfEYNDtHLNSAeY6mmib836p9o5yiSLEiSaxmSlRq7lHsuXVvInCYP2dvE88H%252Bfj%252BG3QKK8D4uJ2RBAdVnhymI6B8KElWUgXAF35CvGiCNaCYGkhmXM%252B8Egwy7lF8RdL42D93GMkyB%252FrEfwXjzTfzhok57fWypkuN4%252BSmlX4Rp5nXWkuFRb%252Bo2bQGZcYFJL6pL85gYNS8nJQ7Pl%252BYSoA%252BIjPM36aUPcfBDL74Ei4oPpZxi0yFQbh4ZzbJGTgeA8vsKgCCxvd7A%252Byw33DBvLmjFbz5VmWeK7AYZ6gfKj6eznm3w4AIZfsR93J3ZP1S3T%252Bs1aLSJln1yrUGHEtFS5YGblerCiKi17FiO%252FJMRobFbK9Ksd%252FjhMTrBZy1%252FQlEdOCjdHlUh8PBR8m6sNJdO1xLd1FpqDq%252FjcnxzBL0oBWF2b%252FNsNqedpoLAe2PGKPOfy6ejSvw%253D%253D%7Ccksum%3A2324683692443a02d2ec4a7d41d89e4e81bff5e0ae65%7Campid%3APL_CLK%7Cclp%3A2334524	
CURREN Watch Men's Chronograph Watches And Fashion Bracelet Set Reloj de Hombre,$29.99,US,"1,372",https://www.ebay.com/itm/CURREN-Watch-Mens-Chronograph-Watches-And-Fashion-Bracelet-Set-Reloj-de-Hombre/223899679903?_trkparms=ispr%3D1&hash=item342175fc9f:g:D5UAAOSw7aBeVUv2&amdata=enc%3AAQAFAAACcBaobrjLl8XobRIiIML1V4Imu%252Fn%252BzU5L90Z278x5ickkgCVySCgrNFPU8Iu85TabMBYleocXw3%252FGBdZsEe1U36EeZs8apITiZuBPb2wr3fw4obAdMO3cD%252F8sZQYaXuI3xEetvHXh6XYkJpAh56hAIS%252BD27TtVDtb%252FdpcIznAWTNNz0GjvJ0%252F463K0AXFAdF2g1Hs7Yfb9tejJ12xOTiP9O2atT6x4YbeSaDAqxo73PoXZUmqvtBqKQutWll900qNEwAOYVgA3Nub%252Fw8fCsX7YPxDmaZbhzxS1YaOPNhcEZeOqztR6dHGnpu%252FyRjVLPjvjqvMIrvTu%252FiKR4CEo5dQeu76CzaH%252BYJENHMn4GkeVlcc%252B4itjX7%252FpuzvGLCB1IxQJNTJFGCAq0PhUOVjZMXpjmOSzBTa8VdGY4AYkbySiT5f8e40Fz3SLNj853R1HYuh1mX8NKtFq41YiOvre%252BX5vfFbuPHlVm5BPmjBZ8k%252FowAcU4uVcbWcomu6JBrDFmhLQYZqLK4HzfQunyry6vPWA6LZNLzNYfKA9qDpA%252F4ZRTarK1%252BtTimQ6xh9tArVtq86Vb7sJZL45w6Sq1Oyy%252F40fdXJwuC5sNw3w5D5M%252FMTltY4boleUEjA7OEThFfNsUSJwI9vzUKnVG6it%252BcIDjCSA%252Bdn6mTJay%252FLErXttu%252B926OA0o1V81%252BM47dYta9iIxVZCQ0N66p%252FjgMXf%252FHc0Mv33yVgZfnohYreZqsKMuf2wPVHXsTliStsx8Y8khntpKCfA9GWxH2a%252F43VrcrI%252B3TT2lX9%252BPoeHuXqgklE0iVSZnhEEu0jadL%252BR1wZL5pn7JyWcg%253D%253D%7Ccksum%3A2238996799033a02d2ec4a7d41d89e4e81bff5e0ae65%7Campid%3APL_CLK%7Cclp%3A2334524	
Men's Watch Relojes De Hombre Stainless Steel Quartz Luminous Classic Watches,$19.89,US,530,https://www.ebay.com/itm/Mens-Watch-Relojes-De-Hombre-Stainless-Steel-Quartz-Luminous-Classic-Watches/224172112897?_trkparms=ispr%3D1&hash=item3431b2fc01:g:c3QAAOSwgbpfbuGK&amdata=enc%3AAQAFAAACcBaobrjLl8XobRIiIML1V4Imu%252Fn%252BzU5L90Z278x5ickkgCVySCgrNFPU8Iu85TabMMx7bc89roaMJOokRg7iVU2Hfb3a1kqexksJSwrOtX1nczCCe2ADFF02XNsU%252F2XC1U%252B29y0RhxD9TWH93ixRxLpHpRAVVac2JECoCVkBo0Rsa5UnTOYJ9gH9FqXPdAFc7jc1Da2liB7jhDzFg%252Fav0AoiYyxiD3MUPTNZG5x36AG2zisbvLfLM140z%252BEqOhafkqcOnUvMEKgjbQi0wVM%252BpPyJL%252BvUzXLFgHBYGPDumiRTe7pJr857MolqclbNc4k8zHSZ2mK2JxhSRhPWNjqCTtC0Yyvoq9ZuJNMp0RP1e7Bu5Kgvg5MRRUH4mf9g61UdjmCj2ggMvcLLSQtgiU1Ev5jLrivgfSGDTZunvrBC2BX1qk2IgQ6ssG6xhGizyXtDcR9%252BGRIZ2U4cDFVi6sy0hLA9IcPDH6d9hz63y6Devae7O9DB00JwiOIJSkKq0A9voVAFfUBCWt2Cn1BnfE28PX8F21nlUtOYFa8Vf%252FtwJISGx6JoZa6sQWoXbtrr6%252FHhBX%252BS6nE3TDXZMdo0ALAN1WRYRl8ajtvRgXy9w2Jeu2kLCUKBrg53ezKDxDgiEWKIJsxcKoJ58ps5OpPiRIf%252FqQfsVI%252FBtUgVyvhlYVRPV7bV5xWOPfS9NMv2lRffDhO0C1ghl%252Fn6iMtewxEuxDS4uqMRz5iclwVkdoflLsGJMDEqeYBPURmchCRqmcN%252F16NijR6usUyub4Q9cC%252FcpJoY%252BxRoY7CXRlHzEDbLLVTBAEIbK1bBokog4P8vRImrjiZGFQ%253D%253D%7Ccksum%3A2241721128973a02d2ec4a7d41d89e4e81bff5e0ae65%7Campid%3APL_CLK%7Cclp%3A2334524	
Men's Waterproof Dress Sport Date Analog Quartz Wrist Watch Business Watches B-1,$13.64,US,"2,539",https://www.ebay.com/itm/Mens-Waterproof-Dress-Sport-Date-Analog-Quartz-Wrist-Watch-Business-Watches-B-1/283623403123?_trkparms=ispr%3D1&hash=item420945ae73:g:Ur0AAOSwPqxdibQG&amdata=enc%3AAQAFAAACcBaobrjLl8XobRIiIML1V4Imu%252Fn%252BzU5L90Z278x5ickk7PdDazAlGltMLJlUhrWsD9sTI2VM%252FPfU0XXkdjAp5ZyTUZvGqsoFx35v%252FHiuQJ6gkrtAJaSuBm3gkIR6HCRODHpNwb%252BWpdDIWr8Ql6CHJjuG%252FMz9qhF4PwyaJjoTxW7yH0EE8N8f%252BXHvQq28J5cNs%252FpBNmgkGZiaopyOxXMWTZhefjKh2t0agYT8UxNl6oFT%252Bzfiw57GRP%252BjrTVIBrnV28aiDw99Ikm%252BcS%252FNZwJWEqxkZGHbjDDdneIgRvA2KnlIhfcMqA7lcmaVgsZZ6QTzUEQzyKhwG1eUJ6cC8%252Bb8b99AGBHYWNuu%252Btim9DhssEnu457CWX7qbrJevWyRyiF9hD6duqv5FamL23U5mqJdQwZ034vuA%252F3DEBMSa36xJEhUFOjagQLFVQsD10ywBsMJsnr7cES4K5AbmT0jc6Qnc6cfMiOfEqoke57spm9gcPL%252BYEBJBvG4oQ7eiZoi24R0Z1kOWeQIExNNAydjD7UuSpVI%252F8lnbAq%252FPy8o11MbijX1CFAxE8k66m7HaDKnRYzzKmJ6pbB1fFEvL4OFc4LH6ix4z686KSi7IGYrBBtW8nDyCdfjEhDE8QaTImKCeTtVoEyMTwvrITgX%252FVOp5uMtf4vsCZRxq9LxO7GFVeXxDLWAN8nOHJPhYAGTgeaCRSCGEzZZPx42hHPP2CCrusahacMZXTzE4JwnGdJcM829r9w3OnqkEiPvMLFAMXeLi%252FcyUXj1eVuV2JU74zq4pWhmhhnBlT19251TaoqD3fVBLDU4AyOXb2Xec3eLaK3XbZaqyA%253D%253D%7Ccksum%3A2836234031233a02d2ec4a7d41d89e4e81bff5e0ae65%7Campid%3APL_CLK%7Cclp%3A2334524	
NEW Invicta Men's Pro Diver Scuba Chronograph Stainless Steel Black Dial Watch!!,$79.99,US,,https://www.ebay.com/itm/NEW-Invicta-Mens-Pro-Diver-Scuba-Chronograph-Stainless-Steel-Black-Dial-Watch/132844652503?epid=174044962&hash=item1eee2887d7:g:63IAAOSwzThb33Zv	
SKMEI Men's Digital Army Military Sport Quartz Analog Chrono Waterproof Watch US,$21.84/ea,US,332,https://www.ebay.com/itm/SKMEI-Mens-Digital-Army-Military-Sport-Quartz-Analog-Chrono-Waterproof-Watch-US/154026358072?_trkparms=ispr%3D1&hash=item23dcafb538:g:WJUAAOSwPldfIkhq&amdata=enc%3AAQAFAAACcBaobrjLl8XobRIiIML1V4Imu%252Fn%252BzU5L90Z278x5ickkxGz2ccqatkEnoeekHqhLkfJny89S0QlA%252Ff4ymFIh4EXBB3XoryzVXLUQfOxr8hSCUA8DtsvPBYi2zI0YIjpOD37fhgx6i%252BmdJHdbiW88WmX5QApGvtaFq9OKj8x5%252FNJSLP86hGJz7tvRiutn1IQPRGMID1t13p15A1FXEo7bRC0QpvbupXI6uhcUqEYammxkSWASamWC43p0QAWE7IPM9Nvhk3gCBmFkEizXV%252BKcHJasgo8z0I9PxZcOBf6KZ5gv%252BLkfJrpPzSkf4MXzCwmYl%252FslEeVBIk0I%252Fk0ok1zoXIS8Eyu%252BhJtnwX5I3MwgJ2AwDEJ%252FuAnWz%252BgB%252BOWFoJD2iBAyQoll9EoQms6zVHrDDqjBHu38oSD9WxSRFGW2KC%252BCB5wzUrif2lDlURO0JjMm%252FiIU7VTgtZlsG8%252FjMb2J%252FgM2a6s9wPN4akivpqwzI1beX%252BZ4Qaw4ifL4%252FHDfa4KCb%252BXXZ%252FDFJwF5vmFlRI3OM5hPDx8tWQ0QM5tNj9JDIadFOJ5FFlq7u%252FFrfJLnK82pkRqaqCfPHns1qsFDd0l51Q4sLKImBK0Fb%252FLVV0bhWHIt3j5MDavGRJ8m6vckuS5T%252FAM9GUx8mOkrKKmZCxi1fjlOEPDWk2KrEduXoWqPXwPL3Zb9TVZHCjhFTeCgciYUGocjzgy1eTz7JWu%252BOek5PavZZO8yYxpbrN%252Bx93fNliCJG6k79f%252Bu89aJQip3BwW4xUcWyKjz6maeOz2eaVRE6uxmL2cZUvPUvDUJipfMP8XY5RJAmn7uD9bLZFxTF%252BOh7g%253D%253D%7Ccksum%3A1540263580723a02d2ec4a7d41d89e4e81bff5e0ae65%7Campid%3APL_CLK%7Cclp%3A2334524	
Invicta Men's Watch Pro Diver Scuba Quartz Black Dial Yellow Gold Bracelet 26975,$51.93,US,76,https://www.ebay.com/itm/Invicta-Mens-Watch-Pro-Diver-Scuba-Quartz-Black-Dial-Yellow-Gold-Bracelet-26975/174541836345?epid=4031283622&hash=item28a3811039:g:KqQAAOSwunJfxrdj	
Invicta Men's Watch Pro Diver Quartz Blue Dial Two Tone Bracelet 26972,$49.95,US,174,https://www.ebay.com/itm/Invicta-Mens-Watch-Pro-Diver-Quartz-Blue-Dial-Two-Tone-Bracelet-26972/143850832146?epid=27032256117&hash=item217e2d8112:g:iWQAAOSweENftYPb	
Men's Sports Watch Relojes De Hombre Military Waterproof Luminous Silicon Strap,$25.99,US,282,https://www.ebay.com/itm/Mens-Sports-Watch-Relojes-De-Hombre-Military-Waterproof-Luminous-Silicon-Strap/224132000591?hash=item342f4eeb4f:g:0FEAAOSw-95fTB0q	
Men's Watch Relojes De Hombre Minimalist Ultra Thin Watches Stainless Steel,$19.99/ea,US,747,https://www.ebay.com/itm/Mens-Watch-Relojes-De-Hombre-Minimalist-Ultra-Thin-Watches-Stainless-Steel/223984210753?hash=item34267fd341:g:8UUAAOSwr1Fe8AJG	
New G-Shock Men's Watch Grey Ana-Digi Dial Black Strap GA100C-8A,$59.98,US,2,https://www.ebay.com/itm/New-G-Shock-Mens-Watch-Grey-Ana-Digi-Dial-Black-Strap-GA100C-8A/402559126501?hash=item5dba64cbe5:g:88YAAOSwzN9fspHT	
Men's Watch Relojes De Hombre Gold Stainless Steel Quartz Classic Small Dial,$15.99,US,"1,381",https://www.ebay.com/itm/Mens-Watch-Relojes-De-Hombre-Gold-Stainless-Steel-Quartz-Classic-Small-Dial/223966526430?hash=item342571fbde:g:jL4AAOSwTrZeh6uK	
Citizen Eco-Drive Men's CTO Chronograph Black Dial 42mm Watch CA0660-54E,$63.99,US,618,https://www.ebay.com/itm/Citizen-Eco-Drive-Mens-CTO-Chronograph-Black-Dial-42mm-Watch-CA0660-54E/264175686332?epid=21002847494&hash=item3d821912bc:g:i-sAAOSwStdbGV-0	
Invicta Men's Watch Pro Diver Quartz Black Dial Stainless Steel Bracelet 26970,$49.97/ea,US,75,https://www.ebay.com/itm/Invicta-Mens-Watch-Pro-Diver-Quartz-Black-Dial-Stainless-Steel-Bracelet-26970/124454407308?epid=3033166626&hash=item1cfa0f8c8c:g:xesAAOSw2fZfvAY6	
Men's LED Military Digital Calendar Chrono Sports Dual Time Waterproof Watch US,$14.57/ea,US,186,https://www.ebay.com/itm/Mens-LED-Military-Digital-Calendar-Chrono-Sports-Dual-Time-Waterproof-Watch-US/333731798289?_trkparms=ispr%3D1&hash=item4db3f71d11:g:YcYAAOSwzDxfve~E&amdata=enc%3AAQAFAAACcBaobrjLl8XobRIiIML1V4Imu%252Fn%252BzU5L90Z278x5ickkCrLl8erj3ATP5raQxjc%252F%252BztIAAnyTWiW6wYco247TJU%252BaJ%252Btb3ik0iChTOPXFoXN7NJHsA1oXmJTzGyWtF95AjGSltU%252FVK3L1DGDrekzuUsy7S3fKDqR%252Ft2HzGO6VTz6C64BB07e6WWplXINATgoy2FCQQ2rQnXKJ8QodX6JDjU7xeXBOWcJOuWJo9a6xjsSFOQiiwcki%252Ff9UKdYh%252FZKdn%252BmdEUSAzlRG%252BwCbgtxjGjykf5IdwrtmBXWTy1LJd%252BWDIh37kT3CENNu23IkeuT37IbGyPA5DzmYg%252FFg%252FItSA4408mZDXITKpzqlzWu95IM%252BINb2YTWf7vK3po3x6Xu3Xp5Vb9GB%252F5PAe1l5vBSmf0RSMZW5ChaeryhgyIVekhSiHZmbchALeD7INkRILmsU8G6MBW5zgSZHOcv0bl6d9jI5zbIxDcgyQ%252F0jlIxGtYIi0EZ6%252B%252BRHtYNwNDVR0B%252BeZpdm6aXR54ZvPfSCvAPVf4Jn31hPpmxXFf7OV7kGws2SzQjMRmA9cCNSo2kvfKK6Mdd5u5w37pao2LMEdQsfLdJm3lb6iGC5xUZ72CFxtswEw%252B778%252BKPsthZHOnmJMnuCAG3LLCaAn7De6HF9Y7f3yW4EU23A5NepKh%252B5yA2Oof%252F3vvbNHejRalQY7UlV4XwHhUYGX%252BRMxXDPVTiBnXyqh5b8daWjxoh5tUcug5%252BJxhwRB6yhdSrqjiKI9CCuXx%252BYNsLiyOeneV9VHnXFzjdbcjrmh4JOlRfoTzWxAKe1MXiy45S7UfmZCefNeELQey0g%253D%253D%7Ccksum%3A3337317982893a02d2ec4a7d41d89e4e81bff5e0ae65%7Campid%3APL_CLK%7Cclp%3A2334524	
Men's Date Quartz Military Shock Digital Tactical Sport Fashion Wrist Watch US,$16.78/ea,US,"3,774",https://www.ebay.com/itm/Mens-Date-Quartz-Military-Shock-Digital-Tactical-Sport-Fashion-Wrist-Watch-US/333365939108?_trkparms=ispr%3D1&hash=item4d9e288ba4:g:bMkAAOSwwKpdqTsk&amdata=enc%3AAQAFAAACcBaobrjLl8XobRIiIML1V4Imu%252Fn%252BzU5L90Z278x5ickkCrLl8erj3ATP5raQxjc%252F%252B%252BfqN1sHejtQAm4wYsgpVLmtIfqthLEoL6Bt0BFcNp3FTloZWcokQkZyVBrHxjb3YKNaqFWas5uENeRNfTEYZf2xFRJp7Tq9OE7nb3fAQ2zZ88xi6xupWHYE6uE%252Fjh8x1ZrtZ9%252BsjKCysAZlacgWW59mgLWL4ygSRzR%252FArr3al%252B9IGWiV6gfN4dh6w6Ni9ronPShxglFBU5WXDtRAHv12Gs3R6kJunfBPTGFUJGdr6MLODYRmAdHco1M91oanPwp6XvV4RbTX3fqiDQ963srAIQe8ZAtTVDO1mW%252F17vl1URToKir6NAwatEsb%252Fs%252B7eci8xrWkvSHmHqaDrQIKj%252B1d95tdG9bz11fHcdzQoFuw3Uub8yogVRu5m6PThNBgVCNdesNjP%252FgwMZnPRqmA%252Bgwk%252ByG8fUu2kgLab%252Be3UpyvkAoGD075u8o90vA%252B3ikc1SuGGwcB9w14cy%252FfzjTlkLn6F3qgu99ejkmJPEHKgFcj6JUqdXCDUF4Gavq%252BdjPLbl9l6%252BlbascuVN8RU379ip8J25pijhyU%252FGFvgj7VkVco%252BZQeGPg%252BkWr54ptUrqYTMykb5UI%252BGTzbzKfPk6FJLv05QW6sibc11QoNT2FU536tHArgaXLfAWyK%252F%252FFRLz%252BECdSv3dBCUvFTjSMxNQA94JFj4%252Fj422VyQ2W%252BUjPUcE8HJM6uiO07rqlgTpcO2DG7BB%252FMpqFRJMDKsKCphrwsTxUB3qzc5BtARibXAEBYQQE6026nbP3IFK0CWW33rdyvUb4nw%253D%253D%7Ccksum%3A3333659391083a02d2ec4a7d41d89e4e81bff5e0ae65%7Campid%3APL_CLK%7Cclp%3A2334524	
Men's Quartz Wrist Watch Digital Sport Blue Strap White Dial Date Day 24hrs Sec,$25.80,US,51,https://www.ebay.com/itm/Mens-Quartz-Wrist-Watch-Digital-Sport-Blue-Strap-White-Dial-Date-Day-24hrs-Sec/293125428002?_trkparms=ispr%3D1&hash=item443fa31322:g:bvEAAOSw7lxfj9OI&amdata=enc%3AAQAFAAACcBaobrjLl8XobRIiIML1V4Imu%252Fn%252BzU5L90Z278x5ickkvjzWOStkxwnlDuxSI1PVVntEIaiIGH8of3DX1JEi5PIY6rKA6xKkBIJ4DEv%252F1bPqkINQ6pwV8B29PL5gcubOo637W2MxvQXdxm%252FKk7KZ7Vjns2mdjS8OJBfGbBcVBvwmOB%252F2p9%252Bqt5u5LselafY7ESs6bmWo7Kq6WVXwNga5XVnPqAiTQXZmUUCuqi4ccnoZk0gLcl4BJyUTiXAAQTPj6wLENCeedUWqrZHHbXNS6NmNbUsSLoLmpb0VeHhk79WKly%252FPQFyg6oHkaDxAzksWsdW3%252Bl9l%252FQCkPoJFPD0KqTJebe6UVBf8PUZh%252Fsq%252FwUJ3CZV1tMI644pER%252F%252FgUrEO%252BvIarc7W9zTEemoboAwkG2EX8MqWQ04jyDxRRzHG1hHYUwkchXFprN6u9MitsbL4Wr2fHflub3vk1tRBMLa7ZtbjAw2LNcQhLOIRxX9Sb7FS8jt%252BcOFbg2pxR7byQcrwoFBQGoAahsEhieyutc9Easg3JdFrGJjRBVx7SNIYwcKn0FzbbyPh97Lf%252BNN5ODZCVfpeLpo9zw4PRMroM51IHEKswboWIaSqKXDInPuroO1Qpvzbr4yAVDLMNTiPtCMI7dVdBfwNB2RfKrZkxkyQnm0xyfAEoS6kiq%252F87xOUAutEdB0ZwCw%252FRohIfdt9dPsp%252F5WIBXa4Q%252Bz5mxmTUOIndohg%252BESe6TtCwL7fBV9iaPgZ18oZ3Xnhagh5svmDYLeOv0mkFDtSzZqnb1u8eVOxZcXU6%252BlpfdM6irpPjdVvtoa%252FB4F4NqHdhcXiRViJaHKhxg%253D%253D%7Ccksum%3A2931254280023a02d2ec4a7d41d89e4e81bff5e0ae65%7Campid%3APL_CLK%7Cclp%3A2334524	
Men's Watch Reloj De Hombre Sports Style Silicone Rubber Watches Chronograph,$24.99/ea,US,152,https://www.ebay.com/itm/Mens-Watch-Reloj-De-Hombre-Sports-Style-Silicone-Rubber-Watches-Chronograph/224004766801?_trkparms=ispr%3D1&hash=item3427b97c51:g:M0wAAOSwzEJetukA&amdata=enc%3AAQAFAAACcBaobrjLl8XobRIiIML1V4Imu%252Fn%252BzU5L90Z278x5ickkgCVySCgrNFPU8Iu85TabMNDOJ1NMcLhuILGN%252FVAX2VAh%252Fs3GDt4uE03hnHneTH8CT3F%252BBxwt%252BWEtBtrkuWgko1wAEbZ5GX%252B1QhYM0vIXB27CKCzzH5RsORID4usHgWz%252F4x46ru34%252Bu%252BmZs%252BGde2iqR%252FiPYopCaoDFhrq0RCBYaR3HlooQVC5NHZbu0BiaAYz0bMaVIgWtHBYPK8mXWUztCB2zl6%252BY%252BHW%252BxtlC%252FPgUBuiVObq9ZPZEsb7xumUNLjr%252F95gKx%252FCscZvRJYqM2u16TPajolNNJhJKzG%252ByqqUtnTu9c0AlUQN2eizcZixbY7ePESIy20ocmSXUh8qMh%252FBIbZx9Xxe2oQaYCKK%252Bd6iBo7s6eg6D6CykcCt4wsXenirPJf9zMrIsuIjNfJfq%252Fxvwjjgo0Q6kW87lf5XwAG2kJmGExksJZ7pYexAk00udzr4W%252Blq%252Bu4RUnCjxxPOifOg3LwTtOmM50t2mepI4TrycYFjL8h3%252B7iub%252FlDoypz23BRsIOUY5rJW9swT9pU1BM%252FQ03PpkaqT8PBzK1rQ52lcXEhHVdvXHCuc02ugUlc5ehNi7tBph4hvs4pdeRw04lopY%252BSojCXQnDarczpAmkX5JBRDcEM9FP0w131Po23%252F2WCMSIYoXR6YKYfSNSExnjwe1L12MCpT9wmqXoow6izmDyBuOWGC0XkapzKNswL00LKW%252BDjNjnV7KUKEqkkfEOXw9EUUXJaSZhSHAmZERYQ0ElT6%252FCp7ZwNBo982Ud1C3WIIvQ5%252F6uMqUT%252B0mIxORdKTw%253D%253D%7Ccksum%3A2240047668013a02d2ec4a7d41d89e4e81bff5e0ae65%7Campid%3APL_CLK%7Cclp%3A2334524	
TechnoMarine Men's Technocell TM-318036 44mm Silver Dial Silicone Watch,$69.99,US,58,https://www.ebay.com/itm/TechnoMarine-Mens-Technocell-TM-318036-44mm-Silver-Dial-Silicone-Watch/333626485346?epid=24033662939&hash=item4dadb02a62:g:jxQAAOSwWxlfJHND	
CURREN Military Men's Watch Sport Chronograph Leather Infantry Reloj Para Hombre,$24.99,US,769,https://www.ebay.com/itm/CURREN-Military-Mens-Watch-Sport-Chronograph-Leather-Infantry-Reloj-Para-Hombre/223661961961?hash=item34134ab2e9:g:6rQAAOSwROxe1YVv	
Citizen Men's Quartz Chronograph Black Dial Date Display 40mm Watch AN8170-59E,$59.99,US,38,https://www.ebay.com/itm/Citizen-Mens-Quartz-Chronograph-Black-Dial-Date-Display-40mm-Watch-AN8170-59E/264942427183?epid=23014496641&hash=item3dafcc9c2f:g:LNgAAOSwyfFftFIb	
Men's Watch Gold Relojes De Hombre Classic Stainless Steel Quartz Diamond Watch,$19.99,US,197,https://www.ebay.com/itm/Mens-Watch-Gold-Relojes-De-Hombre-Classic-Stainless-Steel-Quartz-Diamond-Watch/224212932171?hash=item343421d64b:g:KdsAAOSwEUBfmewC	
Invicta Men's Watch Pro Diver Quartz Blue Dial Two Tone Bracelet 26972,$49.95,US,6,https://www.ebay.com/itm/Invicta-Mens-Watch-Pro-Diver-Quartz-Blue-Dial-Two-Tone-Bracelet-26972/233424436615?epid=27032256117&hash=item36592e3d87:g:EDoAAOSwPGBd6QrR	
Invicta Men's Watch Pro Diver Automatic Silver Tone Steel Bracelet 8926OB,$74.99,US,626,https://www.ebay.com/itm/Invicta-Mens-Watch-Pro-Diver-Automatic-Silver-Tone-Steel-Bracelet-8926OB/351549577951?hash=item51d9fcdadf:g:wXwAAOSwxDBdDTbL	
Invicta Men's Watch Aviator Chrono Gold Tone and Black Dial Steel Bracelet 17205,$79.99,US,580,https://www.ebay.com/itm/Invicta-Mens-Watch-Aviator-Chrono-Gold-Tone-and-Black-Dial-Steel-Bracelet-17205/332800694983?epid=3031098434&hash=item4d7c779ac7:g:hgAAAOSwIA9dLIyI	
Casio G-Shock Military Men's Chronograph Black Resin 47mm Watch DW9052-1CCG,$51.99,US,470,https://www.ebay.com/itm/Casio-G-Shock-Military-Mens-Chronograph-Black-Resin-47mm-Watch-DW9052-1CCG/183481677873?epid=691183092&hash=item2ab85c3831:g:1isAAOSwBQZbv2fe	
Invicta Men's Watch Star Wars R2-D2 Quartz Silver and Blue Dial Strap 32528,$89.99,US,63,https://www.ebay.com/itm/Invicta-Mens-Watch-Star-Wars-R2-D2-Quartz-Silver-and-Blue-Dial-Strap-32528/233771578298?epid=18040848940&hash=item366ddf33ba:g:dooAAOSwNDFfpW7C	
Waterproof Men's Stainless Steel Quartz Watch Relojes Hombre Luxury Wristwatch,$12.98/ea,US,112,https://www.ebay.com/itm/Waterproof-Mens-Stainless-Steel-Quartz-Watch-Relojes-Hombre-Luxury-Wristwatch/193737160781?hash=item2d1ba2784d:g:JT8AAOSwgY1fouBq	
Casio Men's Quartz Analog-Digital Black Resin Band 47mm Watch AEQ100W-1BV,$23.99,US,"1,293",https://www.ebay.com/itm/Casio-Mens-Quartz-Analog-Digital-Black-Resin-Band-47mm-Watch-AEQ100W-1BV/183499600642?epid=238568053&hash=item2ab96db302:g:kZoAAOSwwRVbzzuS	
Invicta Men's Watch Pro Diver Quartz Green Dial Yellow Gold Steel Bracelet 30027,$53.99,US,97,https://www.ebay.com/itm/Invicta-Mens-Watch-Pro-Diver-Quartz-Green-Dial-Yellow-Gold-Steel-Bracelet-30027/333674816879?epid=28033811464&hash=item4db091a56f:g:n0YAAOSwo25fKGCv	
Citizen Eco-Drive Men's Black Ion Plated Date Indicator 45mm Watch AW1585-04E,$57.99,US,51,https://www.ebay.com/itm/Citizen-Eco-Drive-Mens-Black-Ion-Plated-Date-Indicator-45mm-Watch-AW1585-04E/264961748505?epid=25020308090&hash=item3db0f36e19:g:p-YAAOSw9rJfyAl~	
Men Military Army Green Analog Digital Quartz Nylon Canvas Wrist Watch Sport US,$18.80/ea,US,"6,531",https://www.ebay.com/itm/Men-Military-Army-Green-Analog-Digital-Quartz-Nylon-Canvas-Wrist-Watch-Sport-US/142464510312?hash=item212b8be968:g:8YMAAOSwXrdZ7qr8	
Invicta Men's Watch Pro Diver Blue Dial Quartz Dive Silver Tone Bracelet 9204OB,$48.32,US,"3,179",https://www.ebay.com/itm/Invicta-Mens-Watch-Pro-Diver-Blue-Dial-Quartz-Dive-Silver-Tone-Bracelet-9204OB/351524971482?epid=13024541310&hash=item51d88563da:g:F64AAOSw5QNfz9Yy	
Seiko 5 Men's SNZG09K1 Sport Automatic Khaki Green Canvas Watch NEW,$106.99,US,89,https://www.ebay.com/itm/Seiko-5-Mens-SNZG09K1-Sport-Automatic-Khaki-Green-Canvas-Watch-NEW/283912115391?epid=17027052788&hash=item421a7b14bf:g:SREAAOSwQQlbFp5F	
Invicta Men's Watch Specialty Mechanical Semi-Skeleton dial Black Strap 31308,$49.99,US,37,https://www.ebay.com/itm/Invicta-Mens-Watch-Specialty-Mechanical-Semi-Skeleton-dial-Black-Strap-31308/333556210579?epid=11036140556&hash=item4da97fdb93:g:B6kAAOSwEwpeeQZf	
Citizen Eco-Drive Men's Primo Chronograph Gray Bracelet 45mm Watch CA0687-58E,$99.99,US,433,https://www.ebay.com/itm/Citizen-Eco-Drive-Mens-Primo-Chronograph-Gray-Bracelet-45mm-Watch-CA0687-58E/264175690277?epid=5015334241&hash=item3d82192225:g:magAAOSwy6NcUxi4	
Invicta Men's Watch Pro Diver Quartz Date Blue Dial Two Tone Bracelet 30021,$53.99,US,235,https://www.ebay.com/itm/Invicta-Mens-Watch-Pro-Diver-Quartz-Date-Blue-Dial-Two-Tone-Bracelet-30021/353214003415?epid=26033852653&hash=item523d31f8d7:g:tWkAAOSwOCdfbQVE	
Men's Watch Relojes De Hombre Stainless Steel Luxury Watches Quartz Wristwatch,$19.99,US,449,https://www.ebay.com/itm/Mens-Watch-Relojes-De-Hombre-Stainless-Steel-Luxury-Watches-Quartz-Wristwatch/223943310707?hash=item34240fbd73:g:zWEAAOSwE-VeaO7O	
June & Ed Quartz Stainless Steel Men's Watch with Sapphire Crystal Dial Window,$29.99,US,138,https://www.ebay.com/itm/June-Ed-Quartz-Stainless-Steel-Mens-Watch-with-Sapphire-Crystal-Dial-Window/302244624157?epid=1977950446&_trkparms=ispr%3D1&hash=item465f2ef71d:g:ZUYAAOSw0INbl0BW&amdata=enc%3AAQAFAAACcBaobrjLl8XobRIiIML1V4Imu%252Fn%252BzU5L90Z278x5ickkpFtSR0CGv%252Bh98r8Yb9quS6x7DV3r2r2s9kMj%252BEHTKxsvAQK%252B7mQqbcYA5S3%252BSoJmrop4BEn%252BF6DNqHUmZlVfLm2mq%252FNUe2%252FGpldiLbw1%252BWXFjTykam9HZsJ30PZA%252BSjseMthIE%252BMKTSRDtJKCLywLHtKibhMPdHgUiNuev9unSwcv239AeGDIbvtQKEPQQEe6hfWBWKZjA%252BfXpKKMtYvTqDf%252Buozwbnq%252B1Vjx8Y1jsfYh9QforzZbcMZ2rvKI5senCdixK%252BcwFWROaw12o4jt%252BecNK19lWdt0oICTCnRRCa7hCZLv4zwUF0l%252Bsraol7AzpSfUjLtXY69BZbxNdBtKzRZBjLNeryrPvazuAzC7rssOSgAUuXsF8TIK3KCrl9YpPm8KYa8AsyCMdhfg3oKUiksDoAYfiwDI%252FYXzVEW2wegcMFHbsaJT8sj%252FZ8aNYg6CcEw7r%252FpUsnyHaGX%252FBa8JPfs2JGZlE8SLTXWDo4KDeuzrV0O03IXWP4V9lONvofanN7%252FFFxJvUo4JVG1y4bWSn5kgLsX7rq7CwUa8FkTq4yleEJ%252FniYfkjvk%252F4p0lCNt5gQ5MXArgTHTQ95LHjnq2mzRuDSNW3HwoKngfVnKZ8hC1zW2CG5nThBOt%252BhfstS%252FlJ6kfG3fjzkp2xG2q2Yvhxg3l%252F5uZrnGTm%252Fg8LQi0SMFTolmNDdMYB4eilZkHCYt%252BqUcg75cuTca7394JxXAT5dgI9tdrJ9FkooX%252B5l4EPmf%252BqLh%252Ftnwb%252FeoGMJxjlJ1kYw%252F83eueKRN3%252BnYUxA0hQ%253D%253D%7Ccksum%3A3022446241573a02d2ec4a7d41d89e4e81bff5e0ae65%7Campid%3APL_CLK%7Cclp%3A2334524	
Bulova Classic Men's Quartz Black Dial Two-Tone Bracelet 39mm Watch 98A117,$76.99,US,619,https://www.ebay.com/itm/Bulova-Classic-Mens-Quartz-Black-Dial-Two-Tone-Bracelet-39mm-Watch-98A117/112517905815?epid=589376435&_trkparms=ispr%3D1&hash=item1a3296fd97:g:snsAAOSwyNNZi5Ey&amdata=enc%3AAQAFAAACcBaobrjLl8XobRIiIML1V4Imu%252Fn%252BzU5L90Z278x5ickkAgU0umhwUTmgTFbE5cu7zdypfxOpSGh5xqIfD6vnUPIIinRdprrGUaQxwcLtTogyU6tfrJQJH2M2opiXn4PPSQ%252FIQZRTZMJPgQ7Q75Gd1c8Pk1%252BDbA6yI53aS5c9irkjg7iCLuH4z3pYj64ggGfnUQtO18SPVNFQ%252BDu8mbHvgOA3ArRSoAsffj76CZhguGr%252FLyJBb0GUHIr6auhiBgBLqSZWt75cH5lO7wfD%252Fbd7lj3vAfhvi6BPC7h8wTqDe5PX70d1l84N8%252BdooN%252Bwg4Dr57ZuIFOfNa9%252BD959nEFtKhKdFFznhAb64YF8h190Hrp6hwcxSybR18xH%252FmR6RBi%252FCcE0%252BbyMWfOtjaUXhZhAX2qHsKytyHnshnDcUihzBvJD%252BIh%252BPAyCb7CvyFW4BSE366tE9js6zV3gqEYXlqLyPL43bII0tHyd49uGPX9Ye52MtvNsUR5XYrYy8YlWv8L97aljhn6vLvtM%252Fxy%252FgSknkOMs%252B%252FE83vndz6YTBPMv%252BJRvu6N2a31KqQA8nt%252F6FV8jqx3J3%252B7xgnwY3PoIvXP%252FB%252BpHV%252B5H65kCl7uPvkl1gC3Scy2hmzwc3cwKdIRmWGcgU1qiD9kZL06%252BVE9dNZHnLI9joJ3Uvr%252BJb5xFY6jnGqJWHfkqjfU1EdOiSVART%252Fn4HLtYI5DbkL1IaMW8db08p%252FNueugnDYO2hPCGqdwYE1AGgE%252Bi3%252BywlY0LQmydEvFNxUk0625ffMoXXDoBeOjNIArvUtcD4VXWxgTuDevVWOpF0crFJgouxp6qu8ffFzxy8Q%253D%253D%7Ccksum%3A1125179058153a02d2ec4a7d41d89e4e81bff5e0ae65%7Campid%3APL_CLK%7Cclp%3A2334524	
Invicta Men's Watch Specialty Quartz Blue Dial Black Leather Strap 30821,$47.99,US,139,https://www.ebay.com/itm/Invicta-Mens-Watch-Specialty-Quartz-Blue-Dial-Black-Leather-Strap-30821/333441794819?epid=7037663287&hash=item4da2ae0303:g:um0AAOSwgFpd-P5w	
Casio Men's Watch G-Shock Black and Red Ana-Digital Dial Strap Watch GA100-1A4,$62.47,US,7,https://www.ebay.com/itm/Casio-Mens-Watch-G-Shock-Black-and-Red-Ana-Digital-Dial-Strap-Watch-GA100-1A4/332414904976?epid=9032778694&hash=item4d6578ea90:g:AO8AAOSwMPBdI1JN	
Men's Smart Military Digital Quartz Tactical Fashion Waterproof Sport Watch US,$19.84/ea,US,377,https://www.ebay.com/itm/Mens-Smart-Military-Digital-Quartz-Tactical-Fashion-Waterproof-Sport-Watch-US/154104039716?hash=item23e1510924:g:d-gAAOSwy7pfPfaI	
Invicta Men's Watch Aviator Chronograph Gunmetal Dial Steel Bracelet 17204,$78.99,US,527,https://www.ebay.com/itm/Invicta-Mens-Watch-Aviator-Chronograph-Gunmetal-Dial-Steel-Bracelet-17204/333586411727?epid=219424571&hash=item4dab4cb0cf:g:StMAAOSw3gBeqFkf	
Invicta Men's Watch Specialty Black Case Blue Dial Silicone Strap 30717,$48.98,US,31,https://www.ebay.com/itm/Invicta-Mens-Watch-Specialty-Black-Case-Blue-Dial-Silicone-Strap-30717/333556197729?epid=24036231975&hash=item4da97fa961:g:hAsAAOSwR4heeQOU	
Invicta Men's Watch Pro Diver Quartz Blue Dial Yellow Gold Bracelet 26974,$51.99,US,321,https://www.ebay.com/itm/Invicta-Mens-Watch-Pro-Diver-Quartz-Blue-Dial-Yellow-Gold-Bracelet-26974/233424436983?epid=12033144937&hash=item36592e3ef7:g:j4AAAOSwu4xe8NGk	
Citizen Eco-Drive Men's Chronograph Blue Multi Dial 44mm Watch CA0648-09L,$99.99,US,51,https://www.ebay.com/itm/Citizen-Eco-Drive-Mens-Chronograph-Blue-Multi-Dial-44mm-Watch-CA0648-09L/264961392338?epid=15020321494&hash=item3db0edfed2:g:PpYAAOSweZ9eYDQm	
Seiko Men's SNXS77 Seiko 5 Automatic Blue Dial Stainless Steel Bracelet Watch,$97.21,US,18,https://www.ebay.com/itm/Seiko-Mens-SNXS77-Seiko-5-Automatic-Blue-Dial-Stainless-Steel-Bracelet-Watch/114440362423?hash=item1aa52d59b7:g:ZOwAAOSw2lxfdm0-	
Invicta Men's Watch I By Invicta Chronograph White Dial Black Strap 90242-002,$48.99,US,172,https://www.ebay.com/itm/Invicta-Mens-Watch-I-By-Invicta-Chronograph-White-Dial-Black-Strap-90242-002/233708889393?hash=item366a22a531:g:jjoAAOSw1zVfWdUy	
Guess Men's Gold Tone Silicone Band Multifunction Black Dial Watch - W1177G2 NEW,$41.99,US,,https://www.ebay.com/itm/Guess-Mens-Gold-Tone-Silicone-Band-Multifunction-Black-Dial-Watch-W1177G2-NEW/284075816627?epid=22035416634&hash=item42243cf6b3:g:8qMAAOSwc~NfqwG5	
Invicta Men's Speedway 30035 48mm Blue Dial Chronograph Watch,$44.99,US,257,https://www.ebay.com/itm/Invicta-Mens-Speedway-30035-48mm-Blue-Dial-Chronograph-Watch/333593166710?epid=16042652506&hash=item4dabb3c376:g:fmYAAOSw339fJGYX	
Citizen Eco-Drive Men's Navihawk UTC Chronograph Mesh 48mm Watch JY8030-83E,$209.99,US,591,https://www.ebay.com/itm/Citizen-Eco-Drive-Mens-Navihawk-UTC-Chronograph-Mesh-48mm-Watch-JY8030-83E/264097728939?epid=219486992&hash=item3d7d7389ab:g:lE4AAOSw6KxcGR7~	
Casio G-Shock Men's Quartz Digital Black Resin Sport 47mm Watch DW5600E-1V,$46.99,US,"2,644",https://www.ebay.com/itm/Casio-G-Shock-Mens-Quartz-Digital-Black-Resin-Sport-47mm-Watch-DW5600E-1V/183481677652?epid=70317778&hash=item2ab85c3754:g:JlgAAOSwVE9bv2fQ	
NEW G-Shock Black Resin Strap Chronograph Men's Watch GA100BW-1A,$56.90,US,5,https://www.ebay.com/itm/NEW-G-Shock-Black-Resin-Strap-Chronograph-Mens-Watch-GA100BW-1A/303789902984?epid=233421952&hash=item46bb4a0c88:g:nX0AAOSwECtfxQkv	
Invicta Men's Watch Pro Diver Quartz Black Dial Two Tone Bracelet 26973,$48.41,US,364,https://www.ebay.com/itm/Invicta-Mens-Watch-Pro-Diver-Quartz-Black-Dial-Two-Tone-Bracelet-26973/233709508603?epid=14032782364&hash=item366a2c17fb:g:tZ8AAOSwnr5fRIjA	
Men Skeleton Mechanical Wrist Watch Stainless Steel Luxury Steampunk Wristwatch,$18.99,US,980,https://www.ebay.com/itm/Men-Skeleton-Mechanical-Wrist-Watch-Stainless-Steel-Luxury-Steampunk-Wristwatch/352640558202?hash=item521b03e47a:g:jcEAAOSwslJcsFAg	
Victorinox Swiss Army Men's Watch Alliance Date Brown Dial Leather Strap 241805,$89.99,US,57,https://www.ebay.com/itm/Victorinox-Swiss-Army-Mens-Watch-Alliance-Date-Brown-Dial-Leather-Strap-241805/352337172498?epid=6017096200&hash=item5208ee9812:g:iLIAAOSwRXFfFdTs	
Invicta Men's Watch Specialty Quartz Black and Silver Dial Black Strap 34097,$44.97,US,50,https://www.ebay.com/itm/Invicta-Mens-Watch-Specialty-Quartz-Black-and-Silver-Dial-Black-Strap-34097/333718583820?epid=12039303099&hash=item4db32d7a0c:g:MSoAAOSw-qlfW8TV	
Seiko Men's Neo Quartz Chronograph 100m Stainless Steel Watch SSB355,$99.00,US,71,https://www.ebay.com/itm/Seiko-Mens-Neo-Quartz-Chronograph-100m-Stainless-Steel-Watch-SSB355/193560268618?epid=23035924080&hash=item2d11174f4a:g:xFkAAOSwNhNfyZBK	
Invicta Men's Watch Pro Diver Quartz Black Dial Stainless Steel Bracelet 26970,$49.95,US,235,https://www.ebay.com/itm/Invicta-Mens-Watch-Pro-Diver-Quartz-Black-Dial-Stainless-Steel-Bracelet-26970/233425432803?epid=3033166626&hash=item36593d70e3:g:nLoAAOSwz-dfzVYf	
Caravelle Men's 43A146 Quartz Chronograph Blue Dial Silicone Strap 44mm Watch,$29.99,US,189,https://www.ebay.com/itm/Caravelle-Mens-43A146-Quartz-Chronograph-Blue-Dial-Silicone-Strap-44mm-Watch/263984096922?epid=12024681922&hash=item3d76ada69a:g:qo4AAOSw5oxbvjn8	
SMAEL Men's Sport Military Data Waterproof LED Digital Analog Quartz Wrist Watch,$13.17/ea,US,464,https://www.ebay.com/itm/SMAEL-Mens-Sport-Military-Data-Waterproof-LED-Digital-Analog-Quartz-Wrist-Watch/333670174853?_trkparms=ispr%3D1&hash=item4db04ad085:g:jNgAAOSwtb1fIo62&amdata=enc%3AAQAFAAACcBaobrjLl8XobRIiIML1V4Imu%252Fn%252BzU5L90Z278x5ickkCrLl8erj3ATP5raQxjc%252F%252B0MUD9YzIwomdmZ6RN02fhjRHi27a%252FG4QwQW8md5jgZu%252Brpyt5rkqm5XlJT0fEkkNWjhMX89u4ywl%252FEUZrd1VNsThcYPaabrp2%252F0BessR1XmfVsQhTWaBfwuo2jsMtUDSEfoE0EEhaF1oXnrICwW0u%252FrpSrX20orJetj8lA76emcnD0QMRcrs37VwAm5RCPIAxEcpkqeVGt%252FrR71yt3F8kuoc%252BPP%252BVpf17iPc5Mv%252BgP2wUdj6oMKOD%252F9%252BspXVvhrgmQeWG6qWY8mr8E5iAH%252FnH6kdov2DlNfm%252Bb7qkgUyC73Kurf%252F8X2PxTKoLS3HW4xmX6C6I%252FnxebVNQ%252FOoNGDPgxsqPlWZKs6c5k6SMK8ClY8koiofDlEb05w9cEY1iJ8oZfSrcDe6dAtFTMggH1uFuO%252Fj3bRw3q8opGEjlIvqlsKcP4ptA%252Bp%252FAPuu2de0wrRG8mOIpB90noEo2s8FNTjOfZQY0tqtwE%252Fkwf5iUZNA6cX4zoC8ioHHyR8BxzSOGKu5Nfx4ULvVxEZwQbJHs4HUmfCf6nv%252FMQELvoexTXRtGKES9k3wyjBsrFPscaLApcK7yT4ZrgJT8ML%252FCHfB3x4oKrW1mOK52mvUKqD%252F1VUFD3DtEH10OaPm%252FmiX131XT6mXaht7Zjcy5YJPSKsKuH%252B2aLu1VhQtVTrl3%252BB%252FFrYdHSkTk4VkGO%252F1dBprgAWoaaI%252FarqrI%252FMp79%252BwUw49N0%252BhpYL%252BUxx3CxGXK%252Fs2W0hywdXMx%252B4iF35u719ZIv0X5rg7w%253D%253D%7Ccksum%3A3336701748533a02d2ec4a7d41d89e4e81bff5e0ae65%7Campid%3APL_CLK%7Cclp%3A2334524	
Bulova Men's Quartz Ultra Slim Rose-Gold Case Brown Leather 40mm Watch 97A126,$59.99,US,592,https://www.ebay.com/itm/Bulova-Mens-Quartz-Ultra-Slim-Rose-Gold-Case-Brown-Leather-40mm-Watch-97A126/292535232851?_trkparms=ispr%3D1&hash=item441c756953:g:9PEAAOSweyRazTAX&amdata=enc%3AAQAFAAACcBaobrjLl8XobRIiIML1V4Imu%252Fn%252BzU5L90Z278x5ickkvjzWOStkxwnlDuxSI1PVVuIbBSw87vfyn7INVO9CbcUAmJrte9wrO9UUepHpPPk9Se3C3dIpYcWqmD37ctV5rG2sgjLuZahcUVob1gLNx7WfssILQPnbrYibhy8AXhoMvqrAcmpyj75TnNYrc4mDC41NsgGnLvbNVpGU4KVn1ZoJkbdMIerfm9TJFUZ7WXIqHt0ViTLtGbpxpQWs%252Fj1zyt1v%252BG2KrVuDLN0fWcTsaPcev%252B%252FCB6vrgIdhTsLkXK8IHd5vxuhZc2qRpZU4LQKNOz9lAkYqFePYS5X9LG6qx5YcKNYPOm6%252FFG7jUA5danaOLTsadXwwPwTMVlouXCnXW196%252Fasf%252F8RZTvkD2Eax5FfiPMj1R1ytc8Q1LUHcSvMDE2UhQBUkWVEPo%252FJj6HZJtAlBuhRYlzu3D%252B54gnwOXf%252BMmypTfCGc7BZEp41%252FMqDqBAFiQnoAhBoXMWGxjmXcGghl1RcTw9n08pV3DwgYDrsUHuB%252BY3or9tNe9lzEBoIOY%252FIS1bgZVDGhQbG62yaw1ajEFwEzjZe1w4Nlh%252BOHVpARnDO%252FZSaYkdMTaPhRU%252B4JxvcNLyu7ie0%252FV%252FIX%252FfB0X%252BY9bdNHpyPcYdy%252FMX2FrMjeXIoZT4z7AYeIhxiBruE99wX3gHosMsTmXR64Yr103pyXrGXJnkt1Ql4EdEtbyxeN5Vd50r1TXeDFGAOq4nadr4wj7fgJP7JF4YCGp7QqBoLEEcsjA%252FqwFCTlcZ7smGE8yXB4%252F215Gwwep1ugNjB%252BE7uvch7fWdw2RuyzON98Qg%253D%253D%7Ccksum%3A2925352328513a02d2ec4a7d41d89e4e81bff5e0ae65%7Campid%3APL_CLK%7Cclp%3A2334524	
