title,price,total sold,link
Automate the Boring Stuff with Python: Practical Programming for Total Beginners,$16.89,9,https://www.ebay.com/itm/Automate-the-Boring-Stuff-with-Python-Practical-Programming-for-Total-Beginners/254719880507?epid=201642099&hash=item3b4e7ced3b:g:yssAAOSw4CFYqMhs	
Python Programming: An Introduction to Computer Science - Paperback - VERY GOOD,$9.41,6,https://www.ebay.com/itm/Python-Programming-An-Introduction-to-Computer-Science-Paperback-VERY-GOOD/274250145369?epid=92388121&_trkparms=ispr%3D1&hash=item3fda951e59:g:KXQAAOSwOjtfWojN&amdata=enc%3AAQAFAAACcBaobrjLl8XobRIiIML1V4Imu%252Fn%252BzU5L90Z278x5ickkY3FSd4Ad8xn3oRtkVexxrMvSUeVwD%252FaQp9YtntTRrYbgQ%252BYVUhH03osj1ivsowOWE%252FEodt5mlUCCV0ShcKgzFGtTrl59SInCgv83qXlhl8YxE8m1gftNscXxHG4dHUFCcnLbGecwRgAyIu0sqDnOHrC5fkQMDMBM8y2cbI9zSAwmVhc0UBu5M8iMtrRyvZc8JwAQuHkqAZ9x6gakcmiaWj4fl0oG5VoodydGCa7cOEh39RKMzSxKk%252BNik2liuDZ4dv5x4aiQtGIFTRH3RvYfIhvuqa%252BDIrEZL3CoE1LwRmlfiAxh7mUM%252B7HG9zAcggONhJlz37Rxms9Ph1fF6baqCLjPm%252BQPBHhTm2mNNo5Kz8Jidh1bXWoInuPXksJdTzrAKpGsOrJDYQCfOAROxfBVUFUq3nFWgzP2NiYbPpB1rxqNHuta%252BQLJ%252BR7ro1c%252Bz3eIIpgEHD4MhgisEEKgfxd%252FDuhoUDR0YITyXJR5QZH8q8lZro8FCyZSVDDHWyDxsGdW%252FtR5Dc0xq2QC5wK45w9qOmbtuHhx26xLRsByakvt7ZwZKMQykxyV4tTvBHRjniMUXIB7qlKbvPGXqSRX%252FB89RenMsHHALtlFqW6VjMRTS5nFAhHIFdniPAdWFWaoC0zdHURDmAgqAkrkGAkxtG%252FoIm3Yj%252BCO05BXOVjcem1eenNehSO7cMKI59jYoDAgsn%252B0PFx5UBZuCR1894dHny5qbuWMMNagbWzfb6ofEPW43WvjmYFL7cR4SUMN9pJ3XUbWwpM6j%252Bhmr0nQlB28rY02Fg%253D%253D%7Ccksum%3A2742501453699d2ad96f7e0c47d5b01f81bcbe379c53%7Campid%3APL_CLK%7Cclp%3A2334524	
Learning Python : Powerful Object-Oriented Programming by David Ascher and Markâ€¦,0,0,https://www.ebay.com/itm/Learning-Python-Powerful-Object-Oriented-Programming-by-David-Ascher-and-Mark/143781062450?epid=981047&hash=item217a04e732:g:H2AAAOSwU8hY6Gie	
Python for Biologists: A complete programming course for beginners,$19.99,0,https://www.ebay.com/itm/Python-for-Biologists-A-complete-programming-course-for-beginners/224195486061?epid=202448455&hash=item343317a16d:g:R48AAOSwscFfiHv9	
Beginning Programming with Python For Dummies 2nd Edition + Gift ðŸ”¥ Read Desc ðŸ”¥,$4.50,0,https://www.ebay.com/itm/Beginning-Programming-with-Python-For-Dummies-2nd-Edition-Gift-Read-Desc/383766287164?hash=item595a40d33c:g:zU8AAOSwNsVffKhI	
Python Programming: An Introduction to Computer Science,$5.70,0,https://www.ebay.com/itm/Python-Programming-An-Introduction-to-Computer-Science/114450369815?epid=30224704&hash=item1aa5c60d17:g:cU8AAOSw4CFYp-rr	
âœ…Automate the Boring Stuff with Python: Practical Programming for Total Beginner,$2.32,1,https://www.ebay.com/itm/Automate-the-Boring-Stuff-with-Python-Practical-Programming-for-Total-Beginner/233744085674?hash=item366c3bb2aa:g:zaEAAOSwkkRfhMkb	
Python Crash Course 2nd Edition Introduction Programming Eric Matthes (Digital),$3.99,0,https://www.ebay.com/itm/Python-Crash-Course-2nd-Edition-Introduction-Programming-Eric-Matthes-Digital/203140316208?hash=item2f4c1b3c30:g:TN4AAOSwq9Bfh21C	
Automate the Boring Stuff with Python: Practical Programming for Total Beginners,$12.40,0,https://www.ebay.com/itm/Automate-the-Boring-Stuff-with-Python-Practical-Programming-for-Total-Beginners/303720202218?epid=201642099&hash=item46b7227fea:g:-BkAAOSwRXFfgIiI	
Automate the Boring Stuff with Python : Practical Programming for Total...,$15.00,0,https://www.ebay.com/itm/Automate-the-Boring-Stuff-with-Python-Practical-Programming-for-Total/224191416188?epid=201642099&hash=item3432d9877c:g:yssAAOSw4CFYqMhs	
Automate the Boring Stuff with Python: Practical Programming for Total Beginner,$3.34,6,https://www.ebay.com/itm/Automate-the-Boring-Stuff-with-Python-Practical-Programming-for-Total-Beginner/383747521720?hash=item5959227cb8:g:qssAAOSw91pfdj6H	
Automate the Boring Stuff with Python : Practical Programming for Total...,$22.95,0,https://www.ebay.com/itm/Automate-the-Boring-Stuff-with-Python-Practical-Programming-for-Total/114459596421?epid=201642099&hash=item1aa652d685:g:qYYAAOSwnl1fhJEZ	
"Python Crash Course, A Hands-On, Project-Based Introduction to Programming 2nd E",$3.99,1,https://www.ebay.com/itm/Python-Crash-Course-A-Hands-On-Project-Based-Introduction-to-Programming-2nd-E/184484057058?hash=item2af41b4fe2:g:bUIAAOSwK7Zfgw5V	
"Python Crash Course by Eric Matthes (2016, Softcover) Free Shipping",$13.99,0,https://www.ebay.com/itm/Python-Crash-Course-by-Eric-Matthes-2016-Softcover-Free-Shipping/124369322630?epid=204248933&hash=item1cf4fd4286:g:NakAAOSwjqVZGzTo	
Elements of Programming Interviews in Python,$4.99,0,https://www.ebay.com/itm/Elements-of-Programming-Interviews-in-Python/383765211733?hash=item595a306a55:g:SR4AAOSwTjdfh1Gg	
"Python Crash Course: A Hands-On,Project-Based Introduction to Programming",$2.32,0,https://www.ebay.com/itm/Python-Crash-Course-A-Hands-On-Project-Based-Introduction-to-Programming/233738077019?hash=item366be0035b:g:aGYAAOSwSyJffg5t	
Python Coding And Programming: Start to learn the hard core of computer progr...,$17.59,5,https://www.ebay.com/itm/Python-Coding-And-Programming-Start-to-learn-the-hard-core-of-computer-progr/402286316606?epid=25038777643&_trkparms=ispr%3D1&hash=item5daa220c3e:g:WGwAAOSwv1JfBn0c&amdata=enc%3AAQAFAAACcBaobrjLl8XobRIiIML1V4Imu%252Fn%252BzU5L90Z278x5ickkTboA95HSvGa1O5UmCCGJLmaHUU4mbgDOY7EFttFIzKbFs7%252Fjmdg9QR5KMMprmQaxSNXCDQXKE6zrLA1UnT%252FzoID5rqasvU90QH7eOyLVJ%252BOZ%252BOeZsXuekorxreAFh7cafr1PZieYj1W%252BceRNOitcBB%252BF0mmIBKj31CZI7VNlKNVYnzLSZnDjEBwrUh95ywtZvC42nUcOTk6fBc5wDS4h14RnNesn4%252BYvuzHBO2GbQv5QzsIFdYW6D4%252BstqMreq7Cr8pmAg7J2Ykfr30RNy%252FwgOgWBD0zz4ORNOHGYNjUc%252FP5j7infRwQ7ccyPwn2MQXEyJSZmaBlLSgztPUOHgsZy0n9cfc2cpceT6sUvnr4c4Z5B9ALyxstxzLldvzkpzJQKUmDy1lDVnsqTCBmNwZLeRll0MQFToNp7G9%252FiTUjGpa8y5Es3%252FXSPrls0mJyGfueywY7g6TnMxkIqiyKs05BZLy%252FeAiJFAvSGJtVHD4E7c5jX%252B51H4WYwmTBvyiCi43iZuYTm2BsI%252Bjueu3E9nYGH62lnML4XfUUJTRLvWsjaOw6OG964pWcfPiHlhd3UJhVjkoQAN5tbHpAJ1eUiv8tvaaSfCqqFyeFbXR9AtSgjYq02S0F%252BqHTYQ8B5zNbteV1VdhPXWKKH98cyCU0rFaMROskyZrUtSPGiCRvcb9SEAxoDsWFCYzWl0egCvqHKSiyIa8eaa%252FZdAi7ZMdov5Pry1KGa3nx9rtHUq0coXbplLAd%252FbtUyRnra8U24TXsrCHf%252BPD2CwVnXZlpjc%252BbTu7KmA%253D%253D%7Ccksum%3A4022863166069d2ad96f7e0c47d5b01f81bcbe379c53%7Campid%3APL_CLK%7Cclp%3A2334524	
Python Programming The Best Guide For Beginners  Get Started get one free,$1.99,0,https://www.ebay.com/itm/Python-Programming-The-Best-Guide-For-Beginners-Get-Started-get-one-free/283802264958?_trkparms=ispr%3D1&hash=item4213eee57e:g:Xe8AAOSwFz9eoM-i&amdata=enc%3AAQAFAAACcBaobrjLl8XobRIiIML1V4Imu%252Fn%252BzU5L90Z278x5ickk7PdDazAlGltMLJlUhrWsD12srFmYCMuM%252FJ5xG3UAax0tx2iISGOXbrWEOXKDABWOJccdByJJQa3IwUE69ajoEuv%252BZdGg%252FIe3EgDg8mGjPL79a1wG%252FkOIUFshFBl%252BmJxd8XlqoVtcfoV0dXuQ85ZZf052em2Qzobbsyu7OOaOIwPZrSSexj5T2kPKEXM6fl%252FEhUFRAL3Lk6Fa6uYqWcDd5EoN6hx40jAnB%252BzRI9mgsG9c6fPNUQBdPeR2iF9vVZGOvGGJ0JQYDT3CPrtVGfL%252Be8vCjGniJkKb8BsYr3LAM1uJnry8XtonHXE1gPccG%252B1g0y0rDbssz3ECwwMhG%252FoC61Bo%252FSd6vyxOZuB36rgXAPEOypbPvkpINCrOdP8wqJxc7mzduMDZlClU7Y7Tj2LxmyJKFVuuaCAJvadi5hyVMssQYnCNTG3xpbfxecu%252BbNN3bzlAwaW7LXJxuW5DxmRchcOq%252Flxuo5Yklyt0BIwX%252BmmbJqGqQHdae3Z%252FJecFhrytkXehcdfthzZMYPvvq%252ByJG3hyU0LH8FpRr%252BSaqfqSaig0JrAeGrIM7GAcQKnJerHizaIYEqn3bV6WxdprLKXrezyzI9LDi2UDyQSZ4yCdgaO%252BtilmK3DTJwLcoYvIv%252Fl1Py3tslTAtHwpMo5%252BnL2L414pZ%252FN4WwMn%252BARJFkBrgpI0JrFL%252Fy6gStnQvpZ%252BjZ30vlV%252BfuJDk5DE1%252FRB%252FmVMN95rGviKfwSNQf5kmkh0uG1kCP0vszANnnfoOS8EwlYBjFt%252BDt1AvOjeVHOxnI56Hg%253D%253D%7Ccksum%3A2838022649589d2ad96f7e0c47d5b01f81bcbe379c53%7Campid%3APL_CLK%7Cclp%3A2334524	
"Learning Python, 5th Edition, Mark Lutz",$29.00,0,https://www.ebay.com/itm/Learning-Python-5th-Edition-Mark-Lutz/184485937139?epid=159818827&_trkparms=ispr%3D1&hash=item2af437fff3:g:waUAAOSwjHBfhNXt&amdata=enc%3AAQAFAAACcBaobrjLl8XobRIiIML1V4Imu%252Fn%252BzU5L90Z278x5ickk8Fd9si%252FIbtWQr%252BhnlRwjDaWflNTX%252FwaZBB4bc7bKSlRtZsQ4EDsUaQw2zAeOUioFyLREQ2GntUL8gdM60Gem3%252FGaXUdXihTTAyT%252BK6B3Zj%252BfwrPHp75NyCleGS4rxvx9hSSJOpn31MTi4miH1Os4%252Fq1M6NiG6oTAikrONenoNblnNA6AAjqF%252BIT3b2dXRpmlIL1zvoMEID7oCod9pnM764Con93fDJVDsXVeq1TBPpymcRwRMcQ%252BYpMM%252B10EWoMJbKmS4lFCbgcWhoA9MTyZAgoTk0%252BCME3e1Suu49pr8CGJLI5StCnRnFfGgf3BNh%252BLlF5SFR90gAAduZW4N4Ewi8H3yzOwEjdiT7W2322DFjwLAVqW5HfUeBh7OmHlHfqG8WuIsEOU6YUi4NmT%252B8AHCv%252F0pm4wz9W7toK0Q%252Bide%252BMpqJGETad5DEP3fdBL0AY6srdC42VspdX6K4DZcMwhfkBk8%252B9TB%252B6OGOTricFMon36yKQicEkTPsIejhN7rYnPY%252F0%252B%252BuBKmcQJIyj67PPFykOQKDWD6AIPzDVdWQTarmSUdeCLJZlyma4WWjIsmAzneEuGF9m0esC1ZBWXnfnPGvdYXQS5ElxzUGIo0PYeaqTkY%252BEapChNLCGv3R0OWXItR3ArJnwvJCW13QSqIN2kP69EoFDUmr%252BuXjDO%252B2mTvOUg2WL12ZW2jH7QnKBFU3pNqqwZYddWDTfsRzSP7%252FEUxstgnOA5Jf5UXDNoRNWNmaZknT%252BRA4Qvbuf33G3s%252FPS9tBMIW4TFf29ARC4g%252FwyoVA%253D%253D%7Ccksum%3A1844859371399d2ad96f7e0c47d5b01f81bcbe379c53%7Campid%3APL_CLK%7Cclp%3A2334524	
Python Programming: An Introduction to Computer Science - Paperback - VERY GOOD,$6.74,0,https://www.ebay.com/itm/Python-Programming-An-Introduction-to-Computer-Science-Paperback-VERY-GOOD/274277594357?_trkparms=ispr%3D1&hash=item3fdc37f4f5:g:o2kAAOSwj5xfNV1Q&amdata=enc%3AAQAFAAACcBaobrjLl8XobRIiIML1V4Imu%252Fn%252BzU5L90Z278x5ickkY3FSd4Ad8xn3oRtkVexxrMTBeA5TmWzjGvIUPhr9f4mHYM%252FJyEZVYnb9%252FjVFi3bl32CQRuINVfiIpfiUSP69C0OQ7B42Tw0LJk9XIh%252B98Nbr4o73uLQHWVTgQaHx0jTx0gFQAmpElzLs5%252FWz73uekySdQm%252BeODe6nHlZt15Orlv0gVsNiEEbhFILQuC7oidOnNP0LyCF3HLSPqf578IycJdnrwKiZPo6AfytmgpnAmIpdtY3qJNdYYNdrJjqTiqYCjpo8r8wuELLnJzqm5KtGGgdI2lyB%252B5Mbv9de0PJaw1dUe3hC%252BeDArEDHWFJ3%252Bfme1FiFHyW01%252FJjD%252FpUJtgdEZ4uWi6CxSX1PCHnMyY5mV0dulYSRr4Z3%252F4DFPmJezwU5P0qmZKBPdPhnjlVfNOk4et7aEBedsFgStz2l8TqT2lzEjsH2FKDc8NU0MP1E3HTZyAKegUhWLWsf%252B%252Bd1smy220nreyqgD9iwUQhKtl9gUkCNsFHqA4%252FQ5uolpwgX08Wuk%252F8gWSDdYFDv2EumtljBkKMdlH9ux6pv94V8QxHV5%252BvMTfeh5rhDMymOFzeBg%252Bgglfadaj68bk0070ZtMwPnssQLowelfuCsbLGZ0TDBp6BN%252FKC%252BdkkLbVAaVm5SC%252F7JxWiLCanZBIVf2%252B9Pueiiouu7TErGRsQ7Ol75LKWKPAaq39aqFEclevKdMK771yb7rydWN1v8ZnQep3TgZ6luVY0TbYgroWFzc%252F0JXknYUcetA4D%252FWEOqIWHhB%252BYzuUyjAFIk8pQsyWwo6mExozDg%253D%253D%7Ccksum%3A2742775943579d2ad96f7e0c47d5b01f81bcbe379c53%7Campid%3APL_CLK%7Cclp%3A2334524	
Murach Python Programming Book,0,0,https://www.ebay.com/itm/Murach-Python-Programming-Book/154142880098?hash=item23e3a1b162:g:6hgAAOSwr49fh6ka	
Python programming: The ultimate beginners guide to learn Python language fundam,$9.99,0,https://www.ebay.com/itm/Python-programming-The-ultimate-beginners-guide-to-learn-Python-language-fundam/264897380990?epid=25038598855&hash=item3dad1d427e:g:92AAAOSwUUJfhOt4	
Learn Python Programming: A beginnerâ€™s guide to learning the fundamentals of Pyt,$3.99,0,https://www.ebay.com/itm/Learn-Python-Programming-A-beginner-s-guide-to-learning-the-fundamentals-of-Pyt/184487841050?hash=item2af4550d1a:g:YloAAOSwUY5fhvwK	
Python Programming for Beginners #161,$6.99,0,https://www.ebay.com/itm/Python-Programming-for-Beginners-161/373267539525?hash=item56e87aa645:g:SJkAAOSwla9fgvPG	
Black Hat Python Python Programming for Hackers and Pentesters,$2.99,0,https://www.ebay.com/itm/Black-Hat-Python-Python-Programming-for-Hackers-and-Pentesters/383765210649?hash=item595a306619:g:XhYAAOSwU~9fh1ED	
Automate the Boring Stuff with Python: Practical Programming for Total Beginners,$19.99,0,https://www.ebay.com/itm/Automate-the-Boring-Stuff-with-Python-Practical-Programming-for-Total-Beginners/203131976578?epid=201642099&hash=item2f4b9bfb82:g:TQsAAOSwHQVffhe0	
Teach Your Kids to Code: A Parent-Friendly Guide to Python Programming,0,0,https://www.ebay.com/itm/Teach-Your-Kids-to-Code-A-Parent-Friendly-Guide-to-Python-Programming/233746905464?epid=204321920&hash=item366c66b978:g:p8QAAOSwAE9fdfjU	
"Python Programming for the Absolute Beginner, 3rd Edition",$11.57,0,https://www.ebay.com/itm/Python-Programming-for-the-Absolute-Beginner-3rd-Edition/193693580976?epid=74227442&hash=item2d19097eb0:g:ivwAAOSwSlBYv1fa	
Python Programming for the Absolute Beginner #13,$9.15,0,https://www.ebay.com/itm/Python-Programming-for-the-Absolute-Beginner-13/353235070409?hash=item523e736dc9:g:zIEAAOSwRoVfhFLY	
Python Programming: An Easy And Comprehensive Guide To Learn Python Program...,$13.18,0,https://www.ebay.com/itm/Python-Programming-An-Easy-And-Comprehensive-Guide-To-Learn-Python-Program/184058869013?epid=237621156&hash=item2adac37515:g:QckAAOSwF9FfhcQV	
ProgrammingSeries Ser.: Python Programming : An Introduction to Computer Science,0,0,https://www.ebay.com/itm/ProgrammingSeries-Ser-Python-Programming-An-Introduction-to-Computer-Science/224194493953?epid=92388121&hash=item3433087e01:g:4dkAAOSwCRVfUADg	
"Programming the Raspberry Pi, Second Edition: Getting Started with Python",$7.72,0,https://www.ebay.com/itm/Programming-the-Raspberry-Pi-Second-Edition-Getting-Started-with-Python/363140134109?epid=217034702&hash=item548cd6b4dd:g:1wUAAOSwjKFZOM85	
Python Web Programming,$31.94,0,https://www.ebay.com/itm/Python-Web-Programming/383766092798?epid=2192924&hash=item595a3ddbfe:g:36IAAOSwdDpZcM~G	
PYTHON PROGRAMMING LANGUAGE: COMPLETE GUIDE FOR.. By David Rones PB,$14.24,0,https://www.ebay.com/itm/PYTHON-PROGRAMMING-LANGUAGE-COMPLETE-GUIDE-FOR-By-David-Rones-PB/202892378585?epid=11038769245&hash=item2f3d5401d9:g:5xcAAOSwiLZeMc1r	
"Python Crash Course: A Hands-On, Project-Based Introduction to Programming",$15.80,0,https://www.ebay.com/itm/Python-Crash-Course-A-Hands-On-Project-Based-Introduction-to-Programming/333754543173?epid=204248933&hash=item4db5522c45:g:NakAAOSwjqVZGzTo	
Python Programming: An Introduction to Computer Science,$6.99,0,https://www.ebay.com/itm/Python-Programming-An-Introduction-to-Computer-Science/383732626451?epid=30224704&hash=item59583f3413:g:cU8AAOSw4CFYp-rr	
Automate the Boring Stuff with Python: Practical Programming for Total Beginners,$16.50,0,https://www.ebay.com/itm/Automate-the-Boring-Stuff-with-Python-Practical-Programming-for-Total-Beginners/154142584684?epid=201642099&hash=item23e39d2f6c:g:yssAAOSw4CFYqMhs	
Eric Matthes Python Crash Course  Book 1593276036,$19.49,0,https://www.ebay.com/itm/Eric-Matthes-Python-Crash-Course-Book-1593276036/284044199008?epid=204248933&hash=item42225a8460:g:NakAAOSwjqVZGzTo	
Murach's Python Programming - Paperback By Michael Urban - GOOD,$45.79,1,https://www.ebay.com/itm/Murachs-Python-Programming-Paperback-By-Michael-Urban-GOOD/264625772410?epid=237450192&_trkparms=ispr%3D1&hash=item3d9cecd77a:g:4X0AAOSw~dxfWojf&amdata=enc%3AAQAFAAACcBaobrjLl8XobRIiIML1V4Imu%252Fn%252BzU5L90Z278x5ickkXKoKcbeZcOrOku%252BoOBl%252BS2B4bBVUWUlcf1cPcldkpRL%252F517W95I8m%252BTFYjYRTOnQ9692dptRE1zGcebnHon2TIYZnO7s8QK%252ByW6gMDeO1OcvBH9dP%252FYo1g6OMHP75HmfrXglBUcUAyrBweWJG5boxAq2Ukop2bupMykWapUSJondqhD7Bkke%252FJZVqf1b8Vh%252BobHgKLBEsCugSCvmLwCAEEJltL%252FlfwLYDMJA2ZxPhLq7kI75ickEqqkt8hQuSNw4Em%252B0gMab6C1F0Mw13H%252Bnu63y0z3GvR4dQaPaU1titfRsEgoEGIJztAFSYW9m5vh6iwvKjG%252F7Qx4uaK8mnK9uRd3dwHB3h9MGkRNVHrzasRHwYNAIJ0UKcvwnDUwzK7ZsnAKZVj8DngQ2AocxPqnOlA9ZrLwKHMXEkzjZwMz69vj%252FSis7qTseN8G7X1%252BL3S5F7uhfUkpwUebwMhxfTZxIjdls1evRIwmaMUbs4BtFk9PVzpaxvnYMvulLoxmFSNUg2fEPCBJtJj9Tk51M%252BvHIT%252FTi4Np0cOkzArG4QsVbrLXMXzXkA4ChmiWlR5ubrSbWYiHDMK15g8CxuW%252FRiUv5HVGJLLcIbq5V%252FUaWrKR9IDnGM8KsApbmoQyVG6%252FpLO4dD%252BfRb9r%252BisQ6tomq8xzhrmIdBOb%252BNgIhAnAPfM4EvhQF8DIndKUOO4UEsPO0YveNyYymUaUZMZ%252Fqfy2WaFXynAnKvEzDn5iPLry27eTtsazfsHfdAkMU6BmpHn%252B9gXj5IONR47KwKnWT%252BEuCtxbI1A%253D%253D%7Ccksum%3A2646257724109d2ad96f7e0c47d5b01f81bcbe379c53%7Campid%3APL_CLK%7Cclp%3A2334524	
"Python Programming for the Absolute Beginner , Dawson, Michael",$14.85,0,https://www.ebay.com/itm/Python-Programming-for-the-Absolute-Beginner-Dawson-Michael/392942877542?epid=2446883&_trkparms=ispr%3D1&hash=item5b7d387b66:g:5kYAAOSwl31ZeIfV&amdata=enc%3AAQAFAAACcBaobrjLl8XobRIiIML1V4Imu%252Fn%252BzU5L90Z278x5ickkyMJZWL%252BqFSgQ3TOOe%252FNr7ht77kyLt3SKDsQIBPQAv4EsR0RmRUDJ%252FtVaA9o8oS07Wuju6Cv%252FtuyOWh7ahk8Y%252B43D21OfDS%252BfKfo0ArxCVGmBptw4tpvcrfBcIUDzzm4qYZ%252FwNImLTX1Z1B%252FC4GuGv6YZdTvwu6o2FuuWl6beEHuV4kA1PfzU5XxsDClSXplFP7LS%252BA6KIt5V4mool%252BILXfxTIpioz4rJatkA0C1lc2EjNCev7T%252BG7P009CdG7xEdkIitmpU5q3xZOAMYG8unIuAyqUYY%252BPJRjQ1VXP68r7zDKJhaZf3py%252Bbj53fxkaOAatLbsj6A%252Bz%252BsxgSZFxRQtmMmvXD3xpUkCoZszpSHBVgGk%252FxWiSRf6wykdUMZPDhC6rpzPfsWSf6teIBdtzTYZ%252BlKqBGbB52vQrpuLcAqiN%252BiAPI4xpiOljlJPiuiZwCtPQQSGSl%252FgNRnDvtkvP4ordTumI5ud466%252BsqjzFlo0EFenALIRohELJpyF7I3X02Um9BrAOYGH4SgTGjneHHF8cZIShKf%252F16ELhBeJ03SGg1G9mbQfiduRfA9MV6yGaDwsJGD7wj99CSD8kMbnS6aXN5sGZcg24wzAlOGy%252BfyJ4XIomszgY7TerUPlKeumnPyJ6gKyspxzWeyD6NA%252Bw7j3ZCmhwdsN6RDg3rVH5dBdMO2L1zTmp%252BVFHjuWYXKnpGGb0BVTDorA%252Bnr1oyVu%252FldYvMvhkIMzIr8tY%252BOm0ztqiIi7PLa1RbO%252BdkFT8FFjLirh7hHBTjMvoaDyn2rpLrv9A%253D%253D%7Ccksum%3A3929428775429d2ad96f7e0c47d5b01f81bcbe379c53%7Campid%3APL_CLK%7Cclp%3A2334524	
Programming the Raspberry Pi  Getting Started with Python,$10.21,2,https://www.ebay.com/itm/Programming-the-Raspberry-Pi-Getting-Started-with-Python/352934771196?epid=143655196&hash=item522c8d39fc:g:wbgAAOSweI9eH4Mz	
"Python Crash Course: A Hands-On, Project-Based Introduction to Programming",$14.66,0,https://www.ebay.com/itm/Python-Crash-Course-A-Hands-On-Project-Based-Introduction-to-Programming/363087539713?epid=204248933&hash=item5489b42e01:g:NakAAOSwjqVZGzTo	
Python Programming: A Step By Step Beginner's Guide To Code With Python,$17.98,2,https://www.ebay.com/itm/Python-Programming-A-Step-By-Step-Beginners-Guide-To-Code-With-Python/184058475405?hash=item2adabd738d:g:SEYAAOSw-Jlfhb8Z	
Python programming book lot,$110.00,0,https://www.ebay.com/itm/Python-programming-book-lot/193630643366?hash=item2d154924a6:g:SiMAAOSwoMhfPasz	
Python Programming: An Introduction to Computer Science,$1.86,0,https://www.ebay.com/itm/Python-Programming-An-Introduction-to-Computer-Science/353232164928?epid=30224704&hash=item523e471840:g:cU8AAOSw4CFYp-rr	
"Python Crash Course: A Hands-On, Project-Based Introduction to Programming",$14.25,0,https://www.ebay.com/itm/Python-Crash-Course-A-Hands-On-Project-Based-Introduction-to-Programming/184437593808?epid=204248933&hash=item2af15656d0:g:NakAAOSwjqVZGzTo	
High Performance Python : Practical Performant Programming for Humans,0,0,https://www.ebay.com/itm/High-Performance-Python-Practical-Performant-Programming-for-Humans/174475059067?epid=159796191&hash=item289f861f7b:g:BeIAAOSw4A5YpUs1	
Python High Performance Programming,$37.54,0,https://www.ebay.com/itm/Python-High-Performance-Programming/184051136024?epid=203513221&hash=item2ada4d7618:g:fZ0AAOSwsK9fhrX6	
"Python High Performance Programming, Lanaro, Gabriele, Good Book",$26.02,0,https://www.ebay.com/itm/Python-High-Performance-Programming-Lanaro-Gabriele-Good-Book/133435173886?epid=203513221&hash=item1f115b2bfe:g:ItwAAMXQVT9TCji~	
Black Hat Python: Python Programming for Hackers and Pentesters by Justin Seitz,$25.82,7,https://www.ebay.com/itm/Black-Hat-Python-Python-Programming-for-Hackers-and-Pentesters-by-Justin-Seitz/381927239324?epid=201611591&hash=item58eca32e9c:g:boIAAOSwmyBfiDMI	
"PROGRAMMING BOOKS LOT â€” ALL LIKE NEW CONDITION, FROM $5.00!",$5.00,0,https://www.ebay.com/itm/PROGRAMMING-BOOKS-LOT-ALL-LIKE-NEW-CONDITION-FROM-5-00/274512753265?epid=235523296&hash=item3fea3c3271:g:g9sAAOSwtjtfci2Z	
"Automate the Boring Stuff with Python, 2nd Edition : Practical Programming...",$23.30,0,https://www.ebay.com/itm/Automate-the-Boring-Stuff-with-Python-2nd-Edition-Practical-Programming/133545295755?epid=17038376458&hash=item1f17eb7f8b:g:F6IAAOSw-4BfhRSS	
Python Programming: An Introduction to Computer Science,$5.63,0,https://www.ebay.com/itm/Python-Programming-An-Introduction-to-Computer-Science/124356906516?epid=30224704&hash=item1cf43fce14:g:cU8AAOSw4CFYp-rr	
Game Programming With Python [Game Development Series],$13.70,0,https://www.ebay.com/itm/Game-Programming-With-Python-Game-Development-Series/184467829777?epid=2441196&hash=item2af323b411:g:Up0AAOSwXYtYv229	
"Python Programming: An Introduction to Computer Science, 3rd Ed.",0,0,https://www.ebay.com/itm/Python-Programming-An-Introduction-to-Computer-Science-3rd-Ed/174476781787?epid=234931902&hash=item289fa068db:g:LDUAAOSwcylfamKK	
"Python Programming: The Ultimate Advanced Guide to Python Coding Language, Machi",$15.36,0,https://www.ebay.com/itm/Python-Programming-The-Ultimate-Advanced-Guide-to-Python-Coding-Language-Machi/383753563982?hash=item59597eaf4e:g:rA0AAOSwFDpfe6JE	
"Python Programming for the Absolute Beginner, 3rd Edition",$9.67,0,https://www.ebay.com/itm/Python-Programming-for-the-Absolute-Beginner-3rd-Edition/333751780560?epid=74227442&hash=item4db52804d0:g:ivwAAOSwSlBYv1fa	
Murach's Python Programming - Paperback By Michael Urban - Good Condition [R102],$34.50,0,https://www.ebay.com/itm/Murachs-Python-Programming-Paperback-By-Michael-Urban-Good-Condition-R102/353227005370?hash=item523df85dba:g:CnIAAOSwe-dfe4jc	
Python Programming: An Introduction to Computer Science,$1.88,0,https://www.ebay.com/itm/Python-Programming-An-Introduction-to-Computer-Science/373155790907?epid=30224704&hash=item56e1d1803b:g:cU8AAOSw4CFYp-rr	
Automate the Boring Stuff With Python: Practical Programming for (1593279922),$22.00,0,https://www.ebay.com/itm/Automate-the-Boring-Stuff-With-Python-Practical-Programming-for-1593279922/383755306925?epid=17038376458&hash=item59599947ad:g:jn4AAOSwdLJffeSl	
Introduction to Computation and Programming Using Python: With Application to Un,$27.10,1,https://www.ebay.com/itm/Introduction-to-Computation-and-Programming-Using-Python-With-Application-to-Un/254734625494?epid=221599978&hash=item3b4f5dead6:g:1xgAAOSwax5YsVaG	
ProgrammingSeries Ser.: Python Programming : An Introduction to Computer Science,0,0,https://www.ebay.com/itm/ProgrammingSeries-Ser-Python-Programming-An-Introduction-to-Computer-Science/333751575142?epid=92388121&hash=item4db524e266:g:hVwAAOSwdvlfX02n	
Automate the Boring Stuff with Python: Practical Programming for Total Beginners,$9.99,2,https://www.ebay.com/itm/Automate-the-Boring-Stuff-with-Python-Practical-Programming-for-Total-Beginners/333742863941?hash=item4db49ff645:g:xcIAAOSwZfBfeWGi	
Python Programming: An Introduction to Computer Science - Paperback Very Good,$9.99,0,https://www.ebay.com/itm/Python-Programming-An-Introduction-to-Computer-Science-Paperback-Very-Good/193706758659?epid=92388121&hash=item2d19d29203:g:KtQAAOSw4CFYo61o	
"Automate the Boring Stuff with Python, 2nd Edition: Practical Programming forâ€¦",$30.00,0,https://www.ebay.com/itm/Automate-the-Boring-Stuff-with-Python-2nd-Edition-Practical-Programming-for/313201172343?epid=17038376458&hash=item48ec3e9f77:g:vtUAAOSw4etfS9p7	
Head First Programming: A learner's guide to programming using the Python langua,$6.77,0,https://www.ebay.com/itm/Head-First-Programming-A-learners-guide-to-programming-using-the-Python-langua/184438862397?epid=74195384&hash=item2af169b23d:g:OYwAAOSwB-1YrW~q	
"Python Crash Course: A Hands-On, Project-Based Introduction t... by Eric Matthes",$15.49,0,https://www.ebay.com/itm/Python-Crash-Course-A-Hands-On-Project-Based-Introduction-t-by-Eric-Matthes/353147791207?epid=204248933&hash=item52393fa767:g:SJkAAOSwLNtfL0et	
Python Programming for Beginners #132,$7.99,0,https://www.ebay.com/itm/Python-Programming-for-Beginners-132/373265585042?hash=item56e85cd392:g:9yIAAOSwSyJfgYvu	
Programming PYTHON: Programming Guide For Beginners: LEARN IN A DAY!,$13.72,0,https://www.ebay.com/itm/Programming-PYTHON-Programming-Guide-For-Beginners-LEARN-IN-A-DAY/184387248472?epid=215990748&hash=item2aee562158:g:ewQAAOSwPzZfJ7hh	
Python for Biologists : A Complete Programming Course for Beginners by Martin...,0,0,https://www.ebay.com/itm/Python-for-Biologists-A-Complete-Programming-Course-for-Beginners-by-Martin/392977431990?epid=202448455&hash=item5b7f47bdb6:g:ynQAAOSwiONYO2V7	
"Python Programming (Third Edition) by Dawson, Mike Paperback Book The Fast Free",$10.00,0,https://www.ebay.com/itm/Python-Programming-Third-Edition-by-Dawson-Mike-Paperback-Book-The-Fast-Free/254699377606?epid=74227442&hash=item3b4d4413c6:g:ivwAAOSwSlBYv1fa	
Beginning Programming with Python for Dummies (Paperback or Softback),$25.77,6,https://www.ebay.com/itm/Beginning-Programming-with-Python-for-Dummies-Paperback-or-Softback/263700007317?epid=239814108&hash=item3d65bec995:g:piAAAOSwY8JfHGqg	
Python Programming for Beginners : The Ultimate Beginners Crash Course to Lea...,$13.23,0,https://www.ebay.com/itm/Python-Programming-for-Beginners-The-Ultimate-Beginners-Crash-Course-to-Lea/274163462820?epid=235536667&hash=item3fd56a72a4:g:S5wAAOSwkc5fAtYh	
Python: Learn Python Programming,$21.11,0,https://www.ebay.com/itm/Python-Learn-Python-Programming/184088549110?epid=227564941&hash=item2adc8856f6:g:UvkAAOSwb5xfhbSu	
Python: Python Programming For Beginners,$12.44,0,https://www.ebay.com/itm/Python-Python-Programming-For-Beginners/184093052627?epid=227680372&hash=item2adccd0ed3:g:CboAAOSwvndfhcSc	
"Python Programming: An Introduction to Computer Science, 3rd Ed.",$32.12,0,https://www.ebay.com/itm/Python-Programming-An-Introduction-to-Computer-Science-3rd-Ed/114437652276?epid=234931902&hash=item1aa503ff34:i:114437652276	
"Python Crash Course: A Hands-On, Project-Based Introduction to Programming",$20.44,0,https://www.ebay.com/itm/Python-Crash-Course-A-Hands-On-Project-Based-Introduction-to-Programming/274491302178?epid=204248933&hash=item3fe8f4e122:g:NakAAOSwjqVZGzTo	
"Python Programming : An Introduction to Computer Science by John M. Zelle (2003,",0,0,https://www.ebay.com/itm/Python-Programming-An-Introduction-to-Computer-Science-by-John-M-Zelle-2003/333751255046?epid=30224704&hash=item4db5200006:g:cU8AAOSw4CFYp-rr	
Introduction to Computation and Programming Using Python: With Application to Un,$25.90,0,https://www.ebay.com/itm/Introduction-to-Computation-and-Programming-Using-Python-With-Application-to-Un/284043019620?epid=221599978&hash=item4222488564:g:1xgAAOSwax5YsVaG	
Programming in Python 3:A Complete Introduction to the Python Language 2nd Ed.,$30.00,0,https://www.ebay.com/itm/Programming-in-Python-3-A-Complete-Introduction-to-the-Python-Language-2nd-Ed/254521488491?epid=69717669&hash=item3b42a9b46b:g:pIAAAOSwg-VeUyTl	
Introduction to Computation and Programming Using Python,$24.00,0,https://www.ebay.com/itm/Introduction-to-Computation-and-Programming-Using-Python/313164051200?epid=150493851&hash=item48ea083300:g:K5EAAOSw4CFYol~e	
Python Programming For Arduino,$61.28,0,https://www.ebay.com/itm/Python-Programming-For-Arduino/184052649341?epid=210346455&hash=item2ada648d7d:g:8OQAAOSw2S1fhrX5	
Python High Performance Programming (Paperback or Softback),$38.16,0,https://www.ebay.com/itm/Python-High-Performance-Programming-Paperback-or-Softback/382754045743?epid=203513221&hash=item591deb3f2f:g:wxYAAOSwIOhe3TXk	
Foundations Of Python Network Programming,$53.38,1,https://www.ebay.com/itm/Foundations-Of-Python-Network-Programming/184088584022?epid=201638844&hash=item2adc88df56:g:zPEAAOSwGLpfhDJJ	
ProgrammingSeries Ser.: Python Programming : An Introduction to Computer Science,0,0,https://www.ebay.com/itm/ProgrammingSeries-Ser-Python-Programming-An-Introduction-to-Computer-Science/303719244346?epid=92388121&hash=item46b713e23a:g:YBAAAOSwRbhfY8zH	
Elements of Programming Interviews in Python #91,$9.59,0,https://www.ebay.com/itm/Elements-of-Programming-Interviews-in-Python-91/402480072862?hash=item5db5ae889e:g:5ysAAOSwNJZfffZq	
Foundations of Python Network Programming,$17.10,0,https://www.ebay.com/itm/Foundations-of-Python-Network-Programming/283929584489?epid=30473599&hash=item421b85a369:g:JcQAAOSwY~VZcNs0	
Eric Matthes Python Crash Course  Book 1593276036,$17.50,0,https://www.ebay.com/itm/Eric-Matthes-Python-Crash-Course-Book-1593276036/333739029482?epid=204248933&hash=item4db46573ea:g:q50AAOSwE7lfdMHs	
Python High Performance Programming Paperback GABRIELE LANARO,$25.13,0,https://www.ebay.com/itm/Python-High-Performance-Programming-Paperback-GABRIELE-LANARO/313232800794?epid=203513221&hash=item48ee213c1a:g:ItwAAMXQVT9TCji~	
Core Python Programming [2nd Edition],$6.08,0,https://www.ebay.com/itm/Core-Python-Programming-2nd-Edition/353166618007?epid=52775542&hash=item523a5eed97:g:v7EAAOSw2gxYol5j	
Introduction to Python Programming by GowriShankar S. & Veena A. E. Book  E1,$9.99,4,https://www.ebay.com/itm/Introduction-to-Python-Programming-by-GowriShankar-S-Veena-A-E-Book-E1/333389354995?hash=item4d9f8dd7f3:g:iUYAAOSwb4VeIEN1	
Beginning Programming with Python for Dummies,$9.99,0,https://www.ebay.com/itm/Beginning-Programming-with-Python-for-Dummies/333753776156?hash=item4db546781c:g:UWoAAOSw6JpfhtSl	
"Programming Python : Object-Oriented Scripting by Mark Lutz (2001, Trade Paperbâ€¦",0,0,https://www.ebay.com/itm/Programming-Python-Object-Oriented-Scripting-by-Mark-Lutz-2001-Trade-Paperb/143781067173?epid=201355&hash=item217a04f9a5:g:OFwAAOSw4A5YpJQ7	
Advanced Python Programming,$58.59,0,https://www.ebay.com/itm/Advanced-Python-Programming/184246335730?epid=9038804164&hash=item2ae5eff8f2:g:ygUAAOSwIWxej2II	
Programming with Python by Tim Altom,$8.05,1,https://www.ebay.com/itm/Programming-with-Python-by-Tim-Altom/143540029557?epid=1617308&hash=item216ba70875:g:~YYAAOSwpIxZcWrY	
Murach's Python Programming,$54.18,0,https://www.ebay.com/itm/Murachs-Python-Programming/184246313339?epid=237450192&hash=item2ae5efa17b:g:xPcAAOSwU4lfhro4	
A Primer on Scientific Programming with Python #119,$10.55,0,https://www.ebay.com/itm/A-Primer-on-Scientific-Programming-with-Python-119/293770611853?hash=item446617cc8d:g:bxQAAOSwzqJffWli	
Python Programming For Beginners: The Ultimate Beginners Crash Course To Le...,$11.05,1,https://www.ebay.com/itm/Python-Programming-For-Beginners-The-Ultimate-Beginners-Crash-Course-To-Le/184091539024?epid=235536667&hash=item2adcb5f650:g:3h0AAOSwGz9fhY69	
Python Programming for the Absolute Beginner Paperback Michael Dawson,$9.10,0,https://www.ebay.com/itm/Python-Programming-for-the-Absolute-Beginner-Paperback-Michael-Dawson/392971557788?epid=74227442&hash=item5b7eee1b9c:g:ivwAAOSwSlBYv1fa	
Black Hat Python : Python Programming for Hackers and Pentesters by Justin Seitz,$20.00,0,https://www.ebay.com/itm/Black-Hat-Python-Python-Programming-for-Hackers-and-Pentesters-by-Justin-Seitz/224191415716?epid=201611591&hash=item3432d985a4:g:8tMAAOSwlMFZHE~g	
Python Programming: An Introduction to Computer Science - Paperback - GOOD,$9.41,5,https://www.ebay.com/itm/Python-Programming-An-Introduction-to-Computer-Science-Paperback-GOOD/274289514411?epid=92388121&hash=item3fdcedd7ab:g:QusAAOSwKWJfPIf5	
Functional Python Programming Paperback Steven Lott,$6.84,5,https://www.ebay.com/itm/Functional-Python-Programming-Paperback-Steven-Lott/274407814363?epid=28038487803&hash=item3fe3faf4db:g:0IAAAOSwx5le8-HK	
Introduction To Python Programming,$14.82,0,https://www.ebay.com/itm/Introduction-To-Python-Programming/184091467877?epid=208670134&hash=item2adcb4e065:g:lqQAAOSw-QtfhYN4	
Python High Performance Programming : Boost the Performance of Your Python Pr...,$33.82,0,https://www.ebay.com/itm/Python-High-Performance-Programming-Boost-the-Performance-of-Your-Python-Pr/193666561792?epid=203513221&hash=item2d176d3700:g:wXcAAOSwsQNfYnYR	
Learn Python Programming - Second Edition,$44.19,0,https://www.ebay.com/itm/Learn-Python-Programming-Second-Edition/184246339480?epid=10038398784&hash=item2ae5f00798:g:P-wAAOSwD-5ej2JA	
Python Programming for Beginners : An Introduction to the Python Computer...,$14.00,0,https://www.ebay.com/itm/Python-Programming-for-Beginners-An-Introduction-to-the-Python-Computer/254659368646?epid=205598509&hash=item3b4ae196c6:g:85YAAOSw40NfF5no	
Python programming: The ultimate beginners guide to learn Python language fun...,$21.24,0,https://www.ebay.com/itm/Python-programming-The-ultimate-beginners-guide-to-learn-Python-language-fun/353173177920?epid=25038598855&hash=item523ac30640:g:NXEAAOSwOhVfOkAz	
For the Absolute Beginner Ser.: Python Programming for the Absolute Beginner byâ€¦,0,0,https://www.ebay.com/itm/For-the-Absolute-Beginner-Ser-Python-Programming-for-the-Absolute-Beginner-by/164443163593?epid=74227442&hash=item2649938bc9:g:ivwAAOSwSlBYv1fa	
Python Programming: An Introduction to Computer Science,$4.54,0,https://www.ebay.com/itm/Python-Programming-An-Introduction-to-Computer-Science/353225796949?epid=92388121&hash=item523de5ed55:g:KtQAAOSw4CFYo61o	
Python : Programming in Context by David L. Ranum and Bradley N. Miller...,$7.00,0,https://www.ebay.com/itm/Python-Programming-in-Context-by-David-L-Ranum-and-Bradley-N-Miller/402454708093?epid=143687278&hash=item5db42b7f7d:g:iZYAAOxye2lSX0Io	
Gateway To Python Programming,$13.94,0,https://www.ebay.com/itm/Gateway-To-Python-Programming/184094916141?hash=item2adce97e2d:g:1Y4AAOSw0LlfhG63	
"Python Programming: An Introduction to Computer Science  Zelle, John  Acceptable",$8.55,0,https://www.ebay.com/itm/Python-Programming-An-Introduction-to-Computer-Science-Zelle-John-Acceptable/313239480838?epid=92388121&hash=item48ee872a06:g:KtQAAOSw4CFYo61o	
"Python Crash Course: A Hands-On, Project-Based Introduction to Programming",$14.79,0,https://www.ebay.com/itm/Python-Crash-Course-A-Hands-On-Project-Based-Introduction-to-Programming/353201960563?epid=204248933&hash=item523c7a3673:g:NakAAOSwjqVZGzTo	
"Python Crash Course: A Hands-On, Project-Based Introduction to Programming, Matt",$15.75,0,https://www.ebay.com/itm/Python-Crash-Course-A-Hands-On-Project-Based-Introduction-to-Programming-Matt/313224430168?epid=204248933&hash=item48eda18258:g:NakAAOSwjqVZGzTo	
Python Programming: A Complete Step by Step Guide for Beginners,$13.74,1,https://www.ebay.com/itm/Python-Programming-A-Complete-Step-by-Step-Guide-for-Beginners/184388570258?epid=7038732839&hash=item2aee6a4c92:g:1csAAOSwAi9fKMq4	
"Python Programming (Third Edition) by Dawson, Mike Paperback Book The Fast Free",$16.80,0,https://www.ebay.com/itm/Python-Programming-Third-Edition-by-Dawson-Mike-Paperback-Book-The-Fast-Free/124379280784?epid=74227442&hash=item1cf5953590:g:ivwAAOSwSlBYv1fa	
Python Programming in Context,$15.29,0,https://www.ebay.com/itm/Python-Programming-in-Context/184383512254?epid=143687278&hash=item2aee1d1ebe:g:iZYAAOxye2lSX0Io	
Python Programming Techniques: The Art Of Coding And Programming Explained,$8.90,0,https://www.ebay.com/itm/Python-Programming-Techniques-The-Art-Of-Coding-And-Programming-Explained/184110099945?epid=245764385&hash=item2addd12de9:g:3JcAAOSwj1hfhrge	
Python Programming In A Day,$35.99,0,https://www.ebay.com/itm/Python-Programming-In-A-Day/184050813912?epid=229424571&hash=item2ada488bd8:g:eGUAAOSwRZtfhErW	
"Python Programming in Context Miller, Bradley N.",$15.50,0,https://www.ebay.com/itm/Python-Programming-in-Context-Miller-Bradley-N/284044311786?epid=143687278&hash=item42225c3cea:g:iZYAAOxye2lSX0Io	
Python Programming Fundamentals,$53.13,0,https://www.ebay.com/itm/Python-Programming-Fundamentals/184111231290?epid=208661274&hash=item2adde2713a:g:dj0AAOSwv9pfhWZu	
Python Programming for Beginners: An Introduction to the Python Computer Languag,$16.29,0,https://www.ebay.com/itm/Python-Programming-for-Beginners-An-Introduction-to-the-Python-Computer-Languag/283984567631?epid=205598509&hash=item421ecc9d4f:g:XR8AAOSw3v5YqOVN	
"Introduction to Computing and Programming in Python, a Multimedia Approach by...",0,0,https://www.ebay.com/itm/Introduction-to-Computing-and-Programming-in-Python-a-Multimedia-Approach-by/353238012068?epid=70445754&hash=item523ea050a4:g:-wQAAOSwQSBfWUr2	
Python Programming for Beginners: An Introduction to the Python Computer Languag,$17.59,0,https://www.ebay.com/itm/Python-Programming-for-Beginners-An-Introduction-to-the-Python-Computer-Languag/383752506414?epid=205598509&hash=item59596e8c2e:g:XR8AAOSw3v5YqOVN	
Black Hat Python: Python Programming for Hackers and Pentesters Paperback,$19.99,0,https://www.ebay.com/itm/Black-Hat-Python-Python-Programming-for-Hackers-and-Pentesters-Paperback/284043505784?epid=201611591&hash=item42224ff078:g:rWMAAOSwy~NfhNhj	
Automate the Boring Stuff with Python: Practical Programming for Total Beginners,$16.97,0,https://www.ebay.com/itm/Automate-the-Boring-Stuff-with-Python-Practical-Programming-for-Total-Beginners/333740042708?epid=201642099&hash=item4db474e9d4:g:yssAAOSw4CFYqMhs	
Python Programming: An Introduction to Computer Science,$8.55,0,https://www.ebay.com/itm/Python-Programming-An-Introduction-to-Computer-Science/353197038465?epid=92388121&hash=item523c2f1b81:g:KtQAAOSw4CFYo61o	
Mathematics And Python Programming,$24.21,0,https://www.ebay.com/itm/Mathematics-And-Python-Programming/184049223562?epid=222153965&hash=item2ada30478a:g:GpgAAOSwvN1fhD9J	
"Fluent Python: Clear, Concise, and Effective Programming",$34.37,0,https://www.ebay.com/itm/Fluent-Python-Clear-Concise-and-Effective-Programming/224191240318?epid=201751378&hash=item3432d6d87e:g:2eEAAOSwtfhYqIXp	
"Python Programming In Context - Paperback By Miller, Bradley N. - VERY GOOD",$8.47,0,https://www.ebay.com/itm/Python-Programming-In-Context-Paperback-By-Miller-Bradley-N-VERY-GOOD/264719378289?epid=66681351&hash=item3da2812771:g:nqkAAOSw2SVfbaIK	
For the Absolute Beginner Ser.: Python Programming for the Absolute Beginner by,0,0,https://www.ebay.com/itm/For-the-Absolute-Beginner-Ser-Python-Programming-for-the-Absolute-Beginner-by/133544123093?epid=74227442&hash=item1f17d99ad5:g:ivwAAOSwSlBYv1fa	
Python: Python Programming: Learn Python Programming In A Day,$16.28,0,https://www.ebay.com/itm/Python-Python-Programming-Learn-Python-Programming-In-A-Day/184058367753?epid=235524034&hash=item2adabbcf09:g:gc8AAOSw4TNfhao0	
Python High Performance Programming by Gabriele Lanaro (English) Paperback Book,$41.53,0,https://www.ebay.com/itm/Python-High-Performance-Programming-by-Gabriele-Lanaro-English-Paperback-Book/391304632534?epid=203513221&hash=item5b1b92d8d6:g:nO8AAOSwx1ReKt0d	
Elements of Programming Interviews in Python : The Insider's Guide by...,$19.00,0,https://www.ebay.com/itm/Elements-of-Programming-Interviews-in-Python-The-Insiders-Guide-by/333751368196?epid=236578711&hash=item4db521ba04:g:U~sAAOSwxZ5fg-wQ	
Eric Matthes Python Crash Course  Book 1593276036,$18.00,0,https://www.ebay.com/itm/Eric-Matthes-Python-Crash-Course-Book-1593276036/284014433954?epid=204248933&hash=item42209456a2:g:XY8AAOSwmflfYsuL	
Python Programming: A 7-Day Crash Course to Learn Python Language for the Absolu,$15.33,0,https://www.ebay.com/itm/Python-Programming-A-7-Day-Crash-Course-to-Learn-Python-Language-for-the-Absolu/313246962582?hash=item48eef95396:g:I-UAAOSwFQ5fe6GM	
Python Programming For Beginners In 2020: Learn Python In 5 Days with Step-By-St,$26.94,0,https://www.ebay.com/itm/Python-Programming-For-Beginners-In-2020-Learn-Python-In-5-Days-with-Step-By-St/313157133174?hash=item48e99ea376:g:HMEAAOSwaphfF3kj	
Programming for Computations Python #150,$9.11,0,https://www.ebay.com/itm/Programming-for-Computations-Python-150/293772180477?hash=item44662fbbfd:g:MfYAAOSwm39ffsjO	
Introduction to Computing and Programming in Python by Barbara Ericson and Ma...,$26.86,0,https://www.ebay.com/itm/Introduction-to-Computing-and-Programming-in-Python-by-Barbara-Ericson-and-Ma/232030079894?epid=204311885&hash=item3606120b96:g:~6IAAOSwARZXmeM1	
Python Programming: An Introduction to Computer Science 2nd Edition,$20.00,0,https://www.ebay.com/itm/Python-Programming-An-Introduction-to-Computer-Science-2nd-Edition/373101020717?hash=item56de8dc62d:g:0hkAAOSwHmhe~OkA	
Python Programming: The Beginner's Guide To Python Programming,$14.91,0,https://www.ebay.com/itm/Python-Programming-The-Beginners-Guide-To-Python-Programming/184058497922?hash=item2adabdcb82:g:smsAAOSwmZJfiALM	
Python Programming: A Step by Step Guide Book. Learn Python Programming Language,$13.35,0,https://www.ebay.com/itm/Python-Programming-A-Step-by-Step-Guide-Book-Learn-Python-Programming-Language/381754921232?epid=234575812&hash=item58e25dd110:g:hAMAAOSw1g1fc5Dj	
Python Programming in Context,$11.62,0,https://www.ebay.com/itm/Python-Programming-in-Context/124217983182?epid=143687278&hash=item1cebf800ce:g:iZYAAOxye2lSX0Io	
ProgrammingSeries: Python Programming : An Introduction to Computer Science...,$20.00,0,https://www.ebay.com/itm/ProgrammingSeries-Python-Programming-An-Introduction-to-Computer-Science/143601598307?epid=92388121&hash=item216f527f63:g:KtQAAOSw4CFYo61o	
Python Programming Data Analytics The In-Depth Beginner's Real World Guide New,$11.95,2,https://www.ebay.com/itm/Python-Programming-Data-Analytics-The-In-Depth-Beginners-Real-World-Guide-New/193132068993?epid=7038567335&hash=item2cf7918081:g:MKoAAOSw0YxdkYDz	
Programming Concepts In Python,$19.68,0,https://www.ebay.com/itm/Programming-Concepts-In-Python/184112972396?epid=245764505&hash=item2addfd026c:g:iK4AAOSw7j5fhbcz	
"Python Programming: An Introduction to Computer Science, 3rd Ed. - VERY GOOD",$33.80,1,https://www.ebay.com/itm/Python-Programming-An-Introduction-to-Computer-Science-3rd-Ed-VERY-GOOD/274203354248?epid=234931902&hash=item3fd7cb2488:g:qCwAAOSwTDVfNHuJ	
Good Condition - Fundamentals of Python : Data Structures - Paperback,$19.50,0,https://www.ebay.com/itm/Good-Condition-Fundamentals-of-Python-Data-Structures-Paperback/324140914114?epid=166284262&hash=item4b784dd5c2:g:g~gAAOSwb5lenNAE	
Python Programming In A Day & Css Programming Professional Made Easy,$28.29,0,https://www.ebay.com/itm/Python-Programming-In-A-Day-Css-Programming-Professional-Made-Easy/184091485966?hash=item2adcb5270e:g:4lsAAOSwXwRfhaAW	
Qgis Python Programming Cookbook,$61.28,0,https://www.ebay.com/itm/Qgis-Python-Programming-Cookbook/184052547171?epid=211368678&hash=item2ada62fe63:g:UZMAAOSwG-dfhrgO	
Python Programming: An Introduction to Computer Science,$8.00,0,https://www.ebay.com/itm/Python-Programming-An-Introduction-to-Computer-Science/383717642495?epid=92388121&hash=item59575a90ff:g:KtQAAOSw4CFYo61o	
Beginning Programming with Python for Dummies by John Paul Muellerâ€Œ  - â„®Æ„0.à³¦k,$2.99,3,https://www.ebay.com/itm/Beginning-Programming-with-Python-for-Dummies-by-John-Paul-Mueller-0-k/143758887238?hash=item2178b28946:g:KCwAAOSwPOhfcPHY	
Python Programming: A Comprehensive Smart Approach for Total Beginners to Lea...,$59.19,0,https://www.ebay.com/itm/Python-Programming-A-Comprehensive-Smart-Approach-for-Total-Beginners-to-Lea/293783727827?hash=item4466dfeed3:g:F6MAAOSww-lfiA4T	
Python Programming : An Introduction to Computer Science John M. Zelle,$9.14,0,https://www.ebay.com/itm/Python-Programming-An-Introduction-to-Computer-Science-John-M-Zelle/274527122667?epid=92388121&hash=item3feb1774eb:g:z6QAAOSwci5fCOG-	
Python Programming Blueprints,$61.28,0,https://www.ebay.com/itm/Python-Programming-Blueprints/184052684270?epid=234645499&hash=item2ada6515ee:g:gtsAAOSwdv9fhr6J	
Web Scraping with Python Collecting More Data from the Modern Web #89,$9.15,0,https://www.ebay.com/itm/Web-Scraping-with-Python-Collecting-More-Data-from-the-Modern-Web-89/293768147010?hash=item4465f23042:g:OxYAAOSwZn9fevlL	
Python 3 Object-oriented Programming - Second Edition,$42.00,0,https://www.ebay.com/itm/Python-3-Object-oriented-Programming-Second-Edition/332859951519?epid=222089963&hash=item4d7fffc99f:g:BeoAAOSwkHFb2LSm	
Python: An Ultimate Beginner's Guide To Python Programming,$9.34,2,https://www.ebay.com/itm/Python-An-Ultimate-Beginners-Guide-To-Python-Programming/184092961777?epid=234628969&hash=item2adccbabf1:g:0gEAAOSwv9pfhaXu	
Python Programming: A Comprehensive Smart Approach for Total Beginners to Lea...,$33.87,0,https://www.ebay.com/itm/Python-Programming-A-Comprehensive-Smart-Approach-for-Total-Beginners-to-Lea/293783725256?hash=item4466dfe4c8:g:o~gAAOSw0S1fiA4B	
"Python Programming: An Introduction to Computer Science, 3rd Ed",$65.34,0,https://www.ebay.com/itm/Python-Programming-An-Introduction-to-Computer-Science-3rd-Ed/353169742641?epid=234931902&hash=item523a8e9b31:g:6OEAAOSw91pfbNBs	
Python for Beginners: Learn the Fundamentals of Computer Programming (Paperback,$15.23,0,https://www.ebay.com/itm/Python-for-Beginners-Learn-the-Fundamentals-of-Computer-Programming-Paperback/383470611061?epid=28037496381&hash=item5948a12a75:g:EsUAAOSwC1pe5~Iz	
Python Programming: A Comprehensive Smart Approach for Total Beginners to Learn,$18.49,0,https://www.ebay.com/itm/Python-Programming-A-Comprehensive-Smart-Approach-for-Total-Beginners-to-Learn/313257225287?hash=item48ef95ec47:g:WuAAAOSwAx1fhNkR	
Python Programming: A 7-Day Crash Course to Learn Python Language for the Abs...,$28.19,0,https://www.ebay.com/itm/Python-Programming-A-7-Day-Crash-Course-to-Learn-Python-Language-for-the-Abs/293783899382?hash=item4466e28cf6:g:~0IAAOSwmRlfiDf9	
Python by Example: Learning to Program in 150 Challenges,$9.99,0,https://www.ebay.com/itm/Python-by-Example-Learning-to-Program-in-150-Challenges/333750430107?hash=item4db513699b:g:L-IAAOSweGVfgrCD	
PYTHON PROGRAMMING: 3 MANUSCRIPTS CRASH COURSE CODING WITH PYTHON DATA SCIENC...,$43.35,0,https://www.ebay.com/itm/PYTHON-PROGRAMMING-3-MANUSCRIPTS-CRASH-COURSE-CODING-WITH-PYTHON-DATA-SCIENC/293783843804?hash=item4466e1b3dc:g:e30AAOSw~sZfiC0G	
ProgrammingSeries: Python Programming : An Introduction to Computer Science...,$25.00,0,https://www.ebay.com/itm/ProgrammingSeries-Python-Programming-An-Introduction-to-Computer-Science/323895566955?epid=92388121&hash=item4b69ae226b:g:KtQAAOSw4CFYo61o	
Python Programming: A Comprehensive Beginner's Guide To Learn And Understan...,$16.62,0,https://www.ebay.com/itm/Python-Programming-A-Comprehensive-Beginners-Guide-To-Learn-And-Understan/184058376932?epid=235115631&hash=item2adabbf2e4:g:WakAAOSwiQtfhbJJ	
Programming Series: Python Programming : An Introduction to Computer Science...,$12.00,0,https://www.ebay.com/itm/Programming-Series-Python-Programming-An-Introduction-to-Computer-Science/353136882729?epid=92388121&hash=item5238993429:g:ufAAAOSwwlxexEh4	
Elements of Programming Interviews in Python: The Insiders' Guide,$28.99,0,https://www.ebay.com/itm/Elements-of-Programming-Interviews-in-Python-The-Insiders-Guide/154105575362?epid=236578711&hash=item23e16877c2:g:towAAOSwk69fb~VQ	
Introduction to Computing and Programming in Python Plus MyProgrammingLab...,$34.31,0,https://www.ebay.com/itm/Introduction-to-Computing-and-Programming-in-Python-Plus-MyProgrammingLab/124073506201?hash=item1ce35b7599:g:DbMAAOSwpkFY5Odh	
"Expert Python Programming, Second Edition",$56.84,0,https://www.ebay.com/itm/Expert-Python-Programming-Second-Edition/184051162590?epid=224020359&hash=item2ada4dddde:g:pUIAAOSwuA1fhrx8	
Python  Practical Python Programming For Beginners and Experts #84,$8.68,0,https://www.ebay.com/itm/Python-Practical-Python-Programming-For-Beginners-and-Experts-84/233728667800?hash=item366b507098:g:eFcAAOSwrJpfchQx	
"Python Programming Notebook for Computer Programmers & Developers, Python / D...",$9.76,0,https://www.ebay.com/itm/Python-Programming-Notebook-for-Computer-Programmers-Developers-Python-D/402344976737?epid=23038413777&hash=item5dada12161:g:xPkAAOSwkupfI8-7	
Python Programming: An Introduction to Computer Science,$14.99/ea,0,https://www.ebay.com/itm/Python-Programming-An-Introduction-to-Computer-Science/392070424303?epid=92388121&hash=item5b4937e6ef:g:KtQAAOSw4CFYo61o	
Python Programming: The Ultimate Beginner's Guide to Python Language Fundamental,$15.33,0,https://www.ebay.com/itm/Python-Programming-The-Ultimate-Beginners-Guide-to-Python-Language-Fundamental/313246961879?hash=item48eef950d7:g:k0UAAOSwv11fe6W9	
Python Programming:  An introduction to computer science,$15.00,0,https://www.ebay.com/itm/Python-Programming-An-introduction-to-computer-science/283556888976?epid=92388121&hash=item42054ec190:g:KtQAAOSw4CFYo61o	
Introduction to Computation and Programming Using Python [MIT Press],$15.44,0,https://www.ebay.com/itm/Introduction-to-Computation-and-Programming-Using-Python-MIT-Press/233702526976?epid=160020357&hash=item3669c19000:g:JcIAAOSw03lY5~xB	
Python Programming Books Set: Python Programming For Beginners & Complete G...,$20.10,1,https://www.ebay.com/itm/Python-Programming-Books-Set-Python-Programming-For-Beginners-Complete-G/184095343932?epid=234528392&hash=item2adcf0053c:g:WBEAAOSw4TNfhYyJ	
Python Programming for Beginners : A Comprehensive Guide to Learning the Basi...,$30.12,0,https://www.ebay.com/itm/Python-Programming-for-Beginners-A-Comprehensive-Guide-to-Learning-the-Basi/293782531855?epid=232374496&hash=item4466cdaf0f:g:vxIAAOSw6NNfh1Ui	
Gray Hat Python : Python Programming for Hackers and Reverse Engineers by Justin,$17.80,0,https://www.ebay.com/itm/Gray-Hat-Python-Python-Programming-for-Hackers-and-Reverse-Engineers-by-Justin/133485488104?epid=70953083&hash=item1f145ae7e8:g:zzUAAOSwBt5ZHCun	
Introduction to Computation and Programming Using Python: With Appli - VERY GOOD,$27.03,1,https://www.ebay.com/itm/Introduction-to-Computation-and-Programming-Using-Python-With-Appli-VERY-GOOD/274257888500?epid=221599978&hash=item3fdb0b44f4:g:-UEAAOSwInxfWn07	
Python Programming In A Day & Excel Shortcuts,$20.35,0,https://www.ebay.com/itm/Python-Programming-In-A-Day-Excel-Shortcuts/184091535217?epid=219921532&hash=item2adcb5e771:g:nToAAOSwJedfhZy4	
Python for Beginners: Step-By-Step Guide to Learning Python Programming,$16.70,1,https://www.ebay.com/itm/Python-for-Beginners-Step-By-Step-Guide-to-Learning-Python-Programming/184388381434?epid=21038533595&hash=item2aee676afa:g:JgAAAOSwQDZfKKvD	
Expert Python Programming,$51.17,0,https://www.ebay.com/itm/Expert-Python-Programming/184388740779?epid=10038526775&hash=item2aee6ce6ab:g:SeAAAOSwPDRfKOba	
"Fluent Python: Clear, Concise, and Effective Programming",$30.48,0,https://www.ebay.com/itm/Fluent-Python-Clear-Concise-and-Effective-Programming/313250529387?epid=201751378&hash=item48ef2fc06b:g:2eEAAOSwtfhYqIXp	
Python for Kids : A Playful Introduction to Programming,$4.95,0,https://www.ebay.com/itm/Python-for-Kids-A-Playful-Introduction-to-Programming/383765208899?hash=item595a305f43:g:Jp8AAOSw955fh1BZ	
Programming Concepts In Python,$33.29,0,https://www.ebay.com/itm/Programming-Concepts-In-Python/184051050877?epid=246184400&hash=item2ada4c297d:g:VzMAAOSw~Zlfhbcz	
Python Crash Course 2nd Edition Introduction Programming Eric Matthes (Digital),$3.99,0,https://www.ebay.com/itm/Python-Crash-Course-2nd-Edition-Introduction-Programming-Eric-Matthes-Digital/353235587914?hash=item523e7b534a:g:m-YAAOSwx~dfhMDv	
Coding Owners' Workshop Manual: A step-by-step guide to programming in Python,$6.47,0,https://www.ebay.com/itm/Coding-Owners-Workshop-Manual-A-step-by-step-guide-to-programming-in-Python/282862619828?epid=241102819&hash=item41dbed0cb4:g:PQ4AAOSwnD1duIme	
Learn to Program with Minecraft: Transform Your World with the Power of Python,$8.09,0,https://www.ebay.com/itm/Learn-to-Program-with-Minecraft-Transform-Your-World-with-the-Power-of-Python/224194171144?epid=210339524&hash=item3433039108:g:KVYAAOSwOgdYn7hg	
Python Programming for Beginners: The Complete Beginner's Guide to Python Pro...,$16.12,0,https://www.ebay.com/itm/Python-Programming-for-Beginners-The-Complete-Beginners-Guide-to-Python-Pro/402380704190?epid=24038783266&hash=item5dafc249be:g:3J4AAOSwUlxfRBu4	
"Python : An Introduction to Programming, Paperback by Parker, James R., Like ...",$93.46,0,https://www.ebay.com/itm/Python-An-Introduction-to-Programming-Paperback-by-Parker-James-R-Like/293783926218?epid=228758372&hash=item4466e2f5ca:g:D2IAAOSwzatfiD7D	
Python Programming For Beginners: Learn The Basics Of Python Programming (Pyt...,$19.54,0,https://www.ebay.com/itm/Python-Programming-For-Beginners-Learn-The-Basics-Of-Python-Programming-Pyt/293781729004?hash=item4466c16eec:g:dFAAAOSwqPBfhs89	
Python Programming for Beginners: The Complete Beginner's Guide To Python P...,$14.91,0,https://www.ebay.com/itm/Python-Programming-for-Beginners-The-Complete-Beginners-Guide-To-Python-P/184388542904?epid=24038783266&hash=item2aee69e1b8:g:jPoAAOSwvLpfKMXM	
"Supercharged Python : Take Your Code to the Next Level, Paperback by Overland...",$24.25,0,https://www.ebay.com/itm/Supercharged-Python-Take-Your-Code-to-the-Next-Level-Paperback-by-Overland/203137277184?epid=7038266038&hash=item2f4becdd00:g:42kAAOSw8A1fg-W5	
Python Programming for Beginners: Python Programming Language Tutorial by Joseph,$10.58,0,https://www.ebay.com/itm/Python-Programming-for-Beginners-Python-Programming-Language-Tutorial-by-Joseph/381836599247?hash=item58e73c1fcf:g:dPIAAOSw-Cte-i6~	
Introduction to Programming Using Python by Liang 1st International Soft Ed Same,$29.36,3,https://www.ebay.com/itm/Introduction-to-Programming-Using-Python-by-Liang-1st-International-Soft-Ed-Same/283710006601?epid=109472570&hash=item420e6f2549:g:3S8AAOSwNhNd9MLy	
Python Programming for Beginners : The Ultimate Beginners Crash Course to Lea...,$13.22,4,https://www.ebay.com/itm/Python-Programming-for-Beginners-The-Ultimate-Beginners-Crash-Course-to-Lea/401993094591?epid=235536667&hash=item5d98a7d5bf:g:-QwAAOSwVXVfBBBp	
Python : Python Programming: Learn Python Programming in a Day - a Comprehens...,$17.52,0,https://www.ebay.com/itm/Python-Python-Programming-Learn-Python-Programming-in-a-Day-a-Comprehens/273651228699?epid=235524034&hash=item3fb6e2601b:g:i5kAAOSwsdpfBC5v	
Python Programming for Beginners: An Introduction to the Python Computer Languag,$16.37,0,https://www.ebay.com/itm/Python-Programming-for-Beginners-An-Introduction-to-the-Python-Computer-Languag/353189986047?epid=205598509&hash=item523bc37eff:g:XR8AAOSw3v5YqOVN	
"Python Programming Notebook for Computer Programmers & Developers, Python / D...",$9.77,0,https://www.ebay.com/itm/Python-Programming-Notebook-for-Computer-Programmers-Developers-Python-D/402347243533?epid=23038413777&hash=item5dadc3b80d:g:aKkAAOSwU2FfJj8x	
Python Programming: The Ultimate Beginner's Guide to Learn Python Step by Ste...,$64.09,0,https://www.ebay.com/itm/Python-Programming-The-Ultimate-Beginners-Guide-to-Learn-Python-Step-by-Ste/293774369765?hash=item44665123e5:g:i60AAOSw1zVfgHTY	
Start Programming With Python,$11.83,1,https://www.ebay.com/itm/Start-Programming-With-Python/184112986649?hash=item2addfd3a19:g:S2IAAOSwMjVfh~9A	
Animal Guide Ser.: Learning Python : Powerful Object-Oriented Programming by Maâ€¦,$10.99,0,https://www.ebay.com/itm/Animal-Guide-Ser-Learning-Python-Powerful-Object-Oriented-Programming-by-Ma/143661169878?epid=73904722&hash=item2172df7cd6:g:4vwAAOSwjTVfFLcj	
Learn Python in One Hour: Programming by Example (Paperback or Softback),$9.45,0,https://www.ebay.com/itm/Learn-Python-in-One-Hour-Programming-by-Example-Paperback-or-Softback/381244160808?epid=202474864&hash=item58c3ec3b28:g:uFQAAOSw0c9fLKLz	
Introduction to Programming Concepts with Case Studies in Python,$6.71,0,https://www.ebay.com/itm/Introduction-to-Programming-Concepts-with-Case-Studies-in-Python/274374560306?epid=117164751&hash=item3fe1ff8a32:g:tv8AAOSwOQxZc0jn	
"Python Programming: A Complete Guide For Beginners To Master... by Draper, Brian",$11.69,0,https://www.ebay.com/itm/Python-Programming-A-Complete-Guide-For-Beginners-To-Master-by-Draper-Brian/353147858301?epid=235250535&hash=item523940ad7d:g:D-4AAOSwz7BfGRhn	
"Python Programming for the Absolute Beginner, Second Edition - VERY GOOD",$17.59,0,https://www.ebay.com/itm/Python-Programming-for-the-Absolute-Beginner-Second-Edition-VERY-GOOD/264665419006?epid=48238640&_trkparms=ispr%3D1&hash=item3d9f49ccfe:g:m~sAAOSw2bVfVvb3&amdata=enc%3AAQAFAAACcBaobrjLl8XobRIiIML1V4Imu%252Fn%252BzU5L90Z278x5ickkXKoKcbeZcOrOku%252BoOBl%252BSz6r0oZOn02513JHD4BNy73jEN3gg4V6Yx2%252B43oSQQHNUfAUtALI7P62pkHC7dDfaQkxTwsJbc4jsogqylilrwJtwzg7LBIhmPG7V0JJ7mgziL5yyEP3BDAgZ847NP2MQUHxyLGfmISeSryrSfsa35BzDjozfFIN1d7MkQFrv6sMW%252FyJpU0j7PBZAOIqHfqnVMJ7KLD9RwDkYFqOVRHMPesuBQwcByEtOu4j4MuZOwcVXtsPO6EPyq26ZH7lJpSxGMAF%252BMbLLRx%252BDpZoHKSbNYo7dJTNolhd56vOFCM0puxha4jCGE7CCfTOgBYl%252BDEXLq%252FTcAwMeaZnxOTUWHrE7218s2rnp5kL3AA7y0O0EpNE0nRDkJHYTtNoY%252Bm2rhYa3MASw4wenjNMWOHhSCGV1A6H6fjWV0uhLFeLEHMs8ylpAIZoy75qLFcrDszDtnWwb71dp0rJiG0Vmy4k9oTZB113HYR46JMmERQW%252FkbiIyyq030OSb%252FsTglJdMuPKR85BFkAfqjZ3Un8N8MswPEDU4CIDR5LzQkQKhEAKbCyarres4ComVNkm7hQD0yEIwMpro6HeoSou%252BOkG%252B6ZxSpc36pk3zPuMdqdcl%252BDZi4TqcVVeBa236LrT9Kp%252BgKXlHIOjUTfnCCYoOyIyy5CUbyVr1B%252BA40ZCQKGMWVa6sBghyTj9I1p%252BkEcyoeL8Pt0Odps7T9MJgpaS50rRflksE0D0j5rhNeOzLC6%252BxAjPeIeW9IvcCYbI2cMc%252FNsnWxR4%252FjD9A%253D%253D%7Ccksum%3A2646654190069d2ad96f7e0c47d5b01f81bcbe379c53%7Campid%3APL_CLK%7Cclp%3A2334524	
Python Programming Fundamentals (Undergraduate Topics in Computer S - GOOD,$35.19,0,https://www.ebay.com/itm/Python-Programming-Fundamentals-Undergraduate-Topics-in-Computer-S-GOOD/274465202325?epid=208661274&_trkparms=ispr%3D1&hash=item3fe766a095:g:8FAAAOSwMZpfYvdM&amdata=enc%3AAQAFAAACcBaobrjLl8XobRIiIML1V4Imu%252Fn%252BzU5L90Z278x5ickkY3FSd4Ad8xn3oRtkVexxrB2w%252F2sPdBPCcLHzoDDT1KUya2K98922Hh3%252Fi61V5ypEKhUUCq%252FZq9QRIMAU56p4OuZR6CfVl0LDlskxU9f9di4SVOhNtOntTeS4jUdBBwyFHqwLTfW0APOs5jG%252FXH6DTrgBlzL13yyJnUzgzg37ZInoGDNhFBBJlS4WDt6x80w9pxPkUXw9qDl1%252BuxBi4sa9bsi0A6qNsyUesLy1BK0us0RXr8AraxXhtZQ9bOh5b78oMiGraAnX6sWu2iCJ8Iw2%252B58Fx2cidyGC%252F6pwfdbxyaM9DXZVQT6nuYoSsGSUXpcwku6dnPc%252FqMf%252FuHpTBHW13hEsZbNMaeJkIeU5NHptumlgnSLBD7SGgh3v%252Bjx%252BLI1EfULBnOBt%252FTVDlc1NgZLp8dyg4GpTqLW9eN438ujt3rnmC8MQllmheq2QEB0oRCBga4tdl1LU1j7AuJOJ9j1TWhWl6NRfXKRClrKpsGl1sKWUbUidmfTGtQRXS2hgqbiVWW%252FJeKjASvU%252BtuwY2fNscVeMDoM3LmqzgKodJgD%252BlX%252FkIwBuOL0Usx6ts%252F%252Fm1jsOfBA3uiTW%252Fik5dJKgz27QfmSUa3XoN56Ll0v6sW7rZu3Qm1yK1D9NZ7Kmp9amVJ3VIby9HTEIGsVA47eP5DllZ%252FBE1wC19ig3clchuqdbKjRYNjMQ9g84cTd4rB%252FcJlgr0yCP%252B64oxn4nf2YKd1L%252BZwNsrVDe5LTr9ePMW3VvZgJZNIGkz2Os%252B%252BuaVSAiTHgmZefXnddZghSoukW2CZy6w%253D%253D%7Ccksum%3A2744652023259d2ad96f7e0c47d5b01f81bcbe379c53%7Campid%3APL_CLK%7Cclp%3A2334524	
